Date,Time
2002-08-30,0.05027777
2002-09-09,0.04277777
2002-09-16,0.04361111
2002-09-23,0.02361111
2002-09-24,0.05388888
2002-09-27,0.05222222
2002-09-30,0.04472222
2002-10-04,0.08083333
2002-10-06,0.075
2002-11-04,0.04333333
2002-11-13,0.04555555
2002-11-15,0.04611111
2002-11-17,0.04583333
2002-11-21,0.24861111
2002-11-22,0.24638888
2002-11-25,0.07361111
2002-11-26,0.04444444
2002-12-08,9.35583333
2002-12-13,3.43305555
2002-12-27,0.82611111
2003-01-04,0.76638888
2003-01-05,0.66944444
2003-01-10,1.65583333
2003-01-13,1.36722222
2003-01-19,4.7975
2003-01-23,0.305
2003-02-08,3.60722222
2003-02-09,1.09222222
2003-02-10,0.18611111
2003-02-11,0.49777777
2003-02-14,0.28833333
2003-02-15,0.26361111
2003-02-18,0.51361111
2003-02-19,0.30222222
2003-02-21,0.13277777
2003-02-22,4.11583333
2003-02-23,0.56583333
2003-02-24,0.08833333
2003-02-26,6.22861111
2003-02-28,0.00416666
2003-03-03,0.48666666
2003-03-04,0.70111111
2003-03-05,0.28833333
2003-03-06,0.27388888
2003-03-07,0.86944444
2003-03-08,0.50277777
2003-03-09,0.82333333
2003-03-10,0.84611111
2003-03-14,0.90611111
2003-03-15,1.44
2003-03-16,1.09055555
2003-03-17,0.24305555
2003-03-18,0.08972222
2003-03-21,0.25722222
2003-03-22,1.64388888
2003-03-23,0.96888888
2003-03-28,0.06333333
2003-03-29,0.09333333
2003-03-30,0.28194444
2003-03-31,0.22972222
2003-04-01,0.26444444
2003-04-02,0.0525
2003-04-03,0.26527777
2003-04-04,1.20194444
2003-04-05,5.96083333
2003-04-06,1.47083333
2003-04-07,0.61027777
2003-04-11,0.13055555
2003-04-12,0.59416666
2003-04-13,0.64805555
2003-04-14,0.70111111
2003-04-15,0.68805555
2003-04-17,0.03194444
2003-04-18,6.30888888
2003-04-19,0.47722222
2003-04-20,1.13638888
2003-04-24,7.61166666
2003-04-25,0.04333333
2003-04-26,8.42888888
2003-04-27,1.0825
2003-04-28,0.52
2003-04-29,0.67333333
2003-04-30,0.65805555
2003-05-01,0.28833333
2003-05-02,5.67055555
2003-05-03,0.35305555
2003-05-04,0.31222222
2003-05-05,0.04111111
2003-05-06,6.00972222
2003-05-07,0.68944444
2003-05-09,0.57138888
2003-05-11,0.13444444
2003-05-13,0.09638888
2003-05-14,0.21805555
2003-05-15,0.13722222
2003-05-16,0.35194444
2003-05-17,0.32138888
2003-05-18,0.04111111
2003-05-19,0.04388888
2003-05-20,0.13833333
2003-05-21,0.09555555
2003-05-22,0.31416666
2003-05-23,0.09972222
2003-05-24,2.95444444
2003-05-25,0.01527777
2003-05-26,0.3325
2003-05-27,0.6775
2003-05-29,6.32055555
2003-05-30,0.08638888
2003-05-31,1.03222222
2003-06-01,0.16055555
2003-06-02,0.17638888
2003-06-03,0.34055555
2003-06-04,0.05777777
2003-06-05,6.36666666
2003-06-06,5.18
2003-06-07,6.01305555
2003-06-08,0.00916666
2003-06-14,0.04555555
2003-06-19,5.34611111
2003-06-20,20.8063888
2003-06-22,0.035
2003-06-23,0.16583333
2003-06-25,6.2
2003-06-26,10.7308333
2003-06-27,5.89166666
2003-06-28,6.14722222
2003-06-29,0.10527777
2003-07-02,1.11833333
2003-07-03,0.14222222
2003-07-05,1.66555555
2003-07-06,0.14472222
2003-07-07,0.09388888
2003-07-08,0.09138888
2003-07-10,0.04555555
2003-07-11,0.04416666
2003-07-12,0.04555555
2003-07-13,0.04222222
2003-07-14,0.09361111
2003-07-16,0.04333333
2003-07-18,0.04416666
2003-07-19,0.35277777
2003-07-23,0.07333333
2003-07-27,0.07833333
2003-07-29,4.23444444
2003-08-01,0.11388888
2003-08-02,0.09583333
2003-08-11,3.6475
2003-08-15,0.08
2003-08-17,0.04055555
2003-08-19,0.06277777
2003-08-22,0.07333333
2003-08-23,0.07638888
2003-08-25,0.16583333
2003-08-27,0.07361111
2003-08-28,0.12166666
2003-08-29,0.07555555
2003-08-30,0.07666666
2003-08-31,0.075
2003-09-02,0.12083333
2003-09-03,0.19472222
2003-09-04,3.66666666
2003-09-05,1.86916666
2003-09-08,0.07333333
2003-09-10,0.30805555
2003-09-11,0.14027777
2003-09-13,0.16111111
2003-09-14,0.24444444
2003-09-15,0.12083333
2003-09-16,0.03944444
2003-09-17,0.18166666
2003-09-18,0.07388888
2003-09-20,8.12527777
2003-09-21,13.7652777
2003-09-22,0.12972222
2003-09-27,0.07333333
2003-09-28,0.58611111
2003-09-29,0.04111111
2003-10-02,0.07388888
2003-10-04,8.16722222
2003-10-05,9.44305555
2003-10-06,0.61027777
2003-10-07,0.08222222
2003-10-09,0.35611111
2003-10-10,4.13583333
2003-10-12,12.8694444
2003-10-13,1.36388888
2003-10-14,0.07388888
2003-10-17,0.16222222
2003-10-19,3.005
2003-10-20,4.16805555
2003-10-21,3.10722222
2003-10-22,0.27777777
2003-10-23,1.475
2003-10-24,1.40166666
2003-10-25,2.07833333
2003-10-26,0.37305555
2003-10-27,0.18888888
2003-10-28,0.05166666
2003-10-30,0.97777777
2003-10-31,0.53944444
2003-11-01,0.36027777
2003-11-02,0.87666666
2003-11-03,0.96972222
2003-11-04,0.58388888
2003-11-05,0.01805555
2003-11-07,0.09666666
2003-11-08,1.11416666
2003-11-09,0.66611111
2003-11-10,0.60944444
2003-11-12,0.10333333
2003-11-13,0.05111111
2003-11-14,0.82416666
2003-11-15,2.26472222
2003-11-16,3.02833333
2003-11-17,0.08611111
2003-11-18,1.85055555
2003-11-21,1.6425
2003-11-22,2.98055555
2003-11-23,3.07
2003-11-24,2.20638888
2003-11-25,0.16666666
2003-11-26,1.47166666
2003-11-29,0.25055555
2003-11-30,1.70333333
2003-12-01,1.35861111
2003-12-03,3.49111111
2003-12-04,0.04916666
2003-12-06,0.32027777
2003-12-07,0.36694444
2003-12-08,0.30583333
2003-12-09,0.04805555
2003-12-10,0.24138888
2003-12-11,6.49166666
2003-12-12,0.13361111
2003-12-13,0.5725
2003-12-14,1.09055555
2003-12-15,0.46888888
2003-12-16,0.26611111
2003-12-17,0.645
2003-12-18,1.14416666
2003-12-19,3.60305555
2003-12-20,0.7675
2003-12-21,0.65055555
2003-12-22,0.47583333
2003-12-23,5.645
2003-12-24,0.07666666
2003-12-26,1.59916666
2003-12-27,12.2322222
2003-12-28,3.99111111
2003-12-29,0.14388888
2004-01-01,0.05444444
2004-01-02,0.07666666
2004-01-03,0.295
2004-01-04,4.89
2004-01-06,0.14027777
2004-01-07,1.31805555
2004-01-08,6.83138888
2004-01-10,0.09222222
2004-01-11,0.51194444
2004-01-12,0.66138888
2004-01-13,0.27527777
2004-01-14,2.38166666
2004-01-15,0.62694444
2004-01-16,0.28611111
2004-01-17,0.62916666
2004-01-18,0.08666666
2004-01-19,0.21916666
2004-01-20,0.11833333
2004-01-21,0.58027777
2004-01-22,2.18055555
2004-01-23,0.42722222
2004-01-24,0.10138888
2004-01-27,0.25472222
2004-01-28,0.89305555
2004-01-29,0.51388888
2004-01-30,0.40861111
2004-01-31,0.5675
2004-02-01,0.71944444
2004-02-02,0.52
2004-02-04,0.21694444
2004-02-05,0.19694444
2004-02-08,1.39861111
2004-02-09,0.29583333
2004-02-10,0.04
2004-02-11,1.02472222
2004-02-12,0.95916666
2004-02-13,0.0575
2004-02-14,0.28527777
2004-02-15,0.29611111
2004-02-16,0.11444444
2004-02-17,0.18388888
2004-02-21,0.28194444
2004-02-22,0.16666666
2004-02-23,0.16083333
2004-02-24,0.06638888
2004-02-25,0.71388888
2004-02-27,0.17805555
2004-02-28,0.13666666
2004-02-29,1.22305555
2004-03-01,0.28333333
2004-03-02,0.22777777
2004-03-03,0.45138888
2004-03-04,0.36388888
2004-03-06,0.08333333
2004-03-08,0.08416666
2004-03-09,0.36055555
2004-03-10,1.49638888
2004-03-12,0.04166666
2004-03-13,1.29638888
2004-03-14,0.87166666
2004-03-15,0.48277777
2004-03-16,0.14166666
2004-03-17,0.46055555
2004-03-18,0.23388888
2004-03-19,0.17111111
2004-03-20,0.17694444
2004-03-21,0.08555555
2004-03-22,0.88416666
2004-03-23,0.67055555
2004-03-24,1.14138888
2004-03-25,10.5127777
2004-03-26,1.78694444
2004-03-27,0.32
2004-03-28,10.7383333
2004-03-29,1.31777777
2004-03-30,0.12833333
2004-03-31,1.87277777
2004-04-01,1.88694444
2004-04-02,0.05027777
2004-04-04,0.04916666
2004-04-05,0.63472222
2004-04-06,0.42083333
2004-04-07,0.53361111
2004-04-08,0.14111111
2004-04-09,0.37166666
2004-04-11,0.53666666
2004-04-12,0.68944444
2004-04-14,0.04444444
2004-04-15,1.06805555
2004-04-16,0.97944444
2004-04-17,1.15916666
2004-04-18,4.22888888
2004-04-19,0.09666666
2004-04-22,0.21722222
2004-04-23,0.10583333
2004-04-24,0.33388888
2004-04-25,0.27944444
2004-04-26,0.81388888
2004-04-27,0.04055555
2004-04-28,1.72
2004-04-29,1.55111111
2004-04-30,0.34055555
2004-05-01,0.8625
2004-05-02,1.39555555
2004-05-03,1.12138888
2004-05-04,1.92777777
2004-05-05,0.79333333
2004-05-06,0.40611111
2004-05-08,5.99722222
2004-05-09,5.01916666
2004-05-10,0.21083333
2004-05-11,1.0475
2004-05-12,0.11555555
2004-05-13,0.16
2004-05-14,0.36527777
2004-05-15,0.53
2004-05-17,0.17805555
2004-05-18,0.13861111
2004-05-19,0.16444444
2004-05-20,0.11277777
2004-05-21,0.88861111
2004-05-22,0.98833333
2004-05-23,0.74333333
2004-05-24,0.76388888
2004-05-25,0.21972222
2004-05-26,0.32694444
2004-05-27,0.41611111
2004-05-28,0.35972222
2004-05-29,0.49388888
2004-05-30,0.41611111
2004-05-31,0.15388888
2004-06-01,0.18305555
2004-06-03,4.20361111
2004-06-04,0.31638888
2004-06-06,5.56666666
2004-06-08,5.15138888
2004-06-09,0.10722222
2004-06-10,0.80555555
2004-06-11,0.96055555
2004-06-12,3.74027777
2004-06-13,3.40861111
2004-06-14,0.24972222
2004-06-15,0.2675
2004-06-16,0.21777777
2004-06-17,0.36638888
2004-06-18,0.44277777
2004-06-19,7.1725
2004-06-20,3.74666666
2004-06-21,0.65388888
2004-06-22,0.82194444
2004-06-23,0.61194444
2004-06-24,1.02222222
2004-06-25,1.5925
2004-06-26,0.83111111
2004-06-27,2.73
2004-06-28,0.11027777
2004-07-02,6.40861111
2004-07-03,2.53194444
2004-07-04,0.16916666
2004-07-05,0.19888888
2004-07-10,5.75722222
2004-07-11,6.85277777
2004-07-12,0.67666666
2004-07-13,2.39722222
2004-07-15,0.30388888
2004-07-16,13.9113888
2004-07-17,3.84416666
2004-07-18,9.35916666
2004-07-19,6.32416666
2004-07-20,6.48666666
2004-07-21,3.21194444
2004-07-22,5.18916666
2004-07-23,8.13666666
2004-07-24,4.45361111
2004-07-25,0.1625
2004-07-26,8.05972222
2004-07-27,0.1975
2004-07-29,0.03444444
2004-07-30,0.05138888
2004-07-31,0.61722222
2004-08-01,1.77638888
2004-08-02,0.12083333
2004-08-03,0.27472222
2004-08-05,0.72027777
2004-08-06,0.50833333
2004-08-07,0.04361111
2004-08-08,1.04916666
2004-08-09,6.00555555
2004-08-10,0.07833333
2004-08-11,1.08611111
2004-08-12,0.05638888
2004-08-13,0.21
2004-08-14,5.30972222
2004-08-15,3.89861111
2004-08-17,0.00277777
2004-08-18,0.01888888
2004-08-19,0.01611111
2004-08-20,0.68305555
2004-08-21,0.03861111
2004-08-22,1.17527777
2004-08-23,0.56138888
2004-08-24,4.02305555
2004-08-25,0.13
2004-08-26,3.83416666
2004-08-27,4.61694444
2004-08-28,0.24444444
2004-08-29,9.53277777
2004-08-30,0.18527777
2004-08-31,0.03805555
2004-09-01,0.32138888
2004-09-04,0.04333333
2004-09-05,0.18805555
2004-09-06,0.06583333
2004-09-08,0.09833333
2004-09-10,0.30972222
2004-09-11,10.1116666
2004-09-12,3.94944444
2004-09-13,0.26444444
2004-09-14,0.85222222
2004-09-15,0.29
2004-09-16,2.10555555
2004-09-17,9.3625
2004-09-18,3.16944444
2004-09-19,1.37222222
2004-09-20,0.28472222
2004-09-21,0.44583333
2004-09-22,6.38777777
2004-09-24,0.30138888
2004-09-25,0.46194444
2004-09-26,0.72972222
2004-09-27,1.20333333
2004-09-28,0.04666666
2004-09-29,0.72083333
2004-09-30,0.33972222
2004-10-01,1.14972222
2004-10-02,1.07111111
2004-10-03,6.2425
2004-10-04,0.05611111
2004-10-05,0.46166666
2004-10-06,0.57444444
2004-10-07,0.44777777
2004-10-08,0.56333333
2004-10-09,0.17777777
2004-10-11,0.09527777
2004-10-12,0.30555555
2004-10-13,0.30166666
2004-10-14,0.19
2004-10-15,0.16527777
2004-10-16,0.33083333
2004-10-17,0.82305555
2004-10-18,1.63138888
2004-10-19,0.15361111
2004-10-20,0.21166666
2004-10-21,0.29611111
2004-10-23,0.54055555
2004-10-25,0.08638888
2004-10-26,0.06416666
2004-10-27,0.04194444
2004-10-28,0.04972222
2004-10-29,0.13916666
2004-10-30,0.08777777
2004-10-31,1.565
2004-11-01,2.70666666
2004-11-02,0.08777777
2004-11-03,0.5625
2004-11-04,0.11027777
2004-11-06,1.02916666
2004-11-07,6.22833333
2004-11-08,2.16527777
2004-11-09,0.12444444
2004-11-10,0.32805555
2004-11-11,1.09333333
2004-11-12,11.3044444
2004-11-13,2.03222222
2004-11-14,2.83
2004-11-15,0.12166666
2004-11-16,0.45333333
2004-11-18,0.62805555
2004-11-19,0.76
2004-11-20,1.11805555
2004-11-21,4.20194444
2004-11-22,3.18916666
2004-11-23,0.1125
2004-11-24,0.11
2004-11-27,0.33888888
2004-11-29,0.60944444
2004-11-30,4.56
2004-12-01,3.67583333
2004-12-02,0.57972222
2004-12-03,0.81861111
2004-12-04,0.58694444
2004-12-05,0.47888888
2004-12-06,2.10444444
2004-12-07,0.07111111
2004-12-08,0.27166666
2004-12-09,0.1075
2004-12-10,1.95361111
2004-12-11,2.74777777
2004-12-12,2.42833333
2004-12-13,2.25027777
2004-12-14,0.23833333
2004-12-15,1.33222222
2004-12-16,0.86916666
2004-12-17,2.97416666
2004-12-18,4.23972222
2004-12-19,2.70111111
2004-12-20,0.33944444
2004-12-21,1.62583333
2004-12-22,4.5475
2004-12-23,2.56194444
2004-12-30,2.68805555
2004-12-31,0.04083333
2005-01-01,0.45777777
2005-01-02,2.215
2005-01-03,7.85083333
2005-01-04,0.04111111
2005-01-05,2.625
2005-01-06,0.46694444
2005-01-07,0.13527777
2005-01-08,0.00277777
2005-01-09,2.19694444
2005-01-10,0.33527777
2005-01-11,7.43611111
2005-01-12,0.92
2005-01-13,0.83055555
2005-01-14,0.93833333
2005-01-15,4.52722222
2005-01-16,5.45833333
2005-01-17,3.94
2005-01-18,0.4875
2005-01-19,1.0525
2005-01-20,0.54972222
2005-01-21,0.57055555
2005-01-22,1.06305555
2005-01-23,0.28555555
2005-01-24,0.29166666
2005-01-25,1.715
2005-01-27,0.5975
2005-01-28,0.28
2005-01-29,0.63472222
2005-01-30,0.04916666
2005-01-31,0.51722222
2005-02-01,0.86055555
2005-02-02,2.63888888
2005-02-03,0.85944444
2005-02-04,0.05
2005-02-05,3.01916666
2005-02-06,5.97777777
2005-02-07,9.20194444
2005-02-09,0.03777777
2005-02-10,0.03861111
2005-02-11,0.76444444
2005-02-12,1.55444444
2005-02-13,1.46222222
2005-02-14,0.24416666
2005-02-15,0.57333333
2005-02-16,0.11333333
2005-02-17,0.50472222
2005-02-18,0.45722222
2005-02-19,2.34027777
2005-02-20,0.51333333
2005-02-21,3.22638888
2005-02-22,0.13888888
2005-02-23,0.96166666
2005-02-24,0.10027777
2005-02-25,0.15277777
2005-02-26,1.14722222
2005-03-01,0.12611111
2005-03-02,0.07694444
2005-03-03,0.24777777
2005-03-04,0.68888888
2005-03-05,8.12722222
2005-03-06,1.10805555
2005-03-07,0.47166666
2005-03-09,0.11111111
2005-03-10,0.2225
2005-03-11,0.14916666
2005-03-12,0.62888888
2005-03-13,10.0075
2005-03-14,2.88861111
2005-03-15,1.58944444
2005-03-16,1.97555555
2005-03-17,4.30555555
2005-03-18,1.29472222
2005-03-19,6.34833333
2005-03-20,4.61722222
2005-03-21,7.30111111
2005-03-22,1.06805555
2005-03-24,1.11333333
2005-03-25,0.07277777
2005-03-26,0.10944444
2005-03-27,0.35527777
2005-03-29,0.78777777
2005-03-30,1.0375
2005-03-31,0.83833333
2005-04-01,1.41333333
2005-04-03,0.05527777
2005-04-04,1.16
2005-04-05,2.34055555
2005-04-06,1.51583333
2005-04-07,0.11861111
2005-04-08,0.04583333
2005-04-09,0.18555555
2005-04-10,0.11111111
2005-04-11,1.31388888
2005-04-12,0.76222222
2005-04-13,0.27888888
2005-04-14,0.84694444
2005-04-15,1.17694444
2005-04-16,1.33388888
2005-04-17,0.68388888
2005-04-19,0.80416666
2005-04-20,0.985
2005-04-21,4.82611111
2005-04-22,0.16833333
2005-04-23,0.44638888
2005-04-24,0.69333333
2005-04-25,0.72861111
2005-04-26,0.18611111
2005-04-28,0.26777777
2005-04-29,1.8575
2005-04-30,0.08222222
2005-05-01,0.62083333
2005-05-02,1.90416666
2005-05-03,2.97166666
2005-05-04,0.87305555
2005-05-05,0.26055555
2005-05-06,0.4075
2005-05-07,2.58027777
2005-05-08,0.60166666
2005-05-09,0.44138888
2005-05-10,0.21027777
2005-05-11,0.04194444
2005-05-12,0.60472222
2005-05-14,0.12222222
2005-05-15,0.05333333
2005-05-16,0.14111111
2005-05-17,0.845
2005-05-18,1.01
2005-05-19,0.61555555
2005-05-20,0.01583333
2005-05-21,0.88416666
2005-05-22,1.47472222
2005-05-23,1.83277777
2005-05-24,0.32666666
2005-05-25,0.62361111
2005-05-26,0.37444444
2005-05-27,1.18972222
2005-05-28,5.95416666
2005-05-29,0.29305555
2005-05-30,6.69194444
2005-05-31,6.57388888
2005-06-02,6.64944444
2005-06-03,1.01861111
2005-06-04,1.95333333
2005-06-05,4.09583333
2005-06-06,1.64305555
2005-06-07,0.18416666
2005-06-08,0.12138888
2005-06-10,0.17583333
2005-06-11,0.12055555
2005-06-12,0.40972222
2005-06-13,0.04444444
2005-06-14,0.07444444
2005-06-15,0.23583333
2005-06-16,0.27027777
2005-06-17,0.50666666
2005-06-18,0.41083333
2005-06-19,0.09305555
2005-06-20,0.20666666
2005-06-21,0.26361111
2005-06-22,0.16833333
2005-06-23,0.28861111
2005-06-24,0.67722222
2005-06-25,1.96222222
2005-06-26,5.47333333
2005-06-27,0.35027777
2005-07-02,0.32277777
2005-07-03,3.41805555
2005-07-04,0.0875
2005-07-05,0.23388888
2005-07-06,0.03888888
2005-07-07,0.09666666
2005-07-08,3.45416666
2005-07-09,0.13527777
2005-07-10,0.07833333
2005-07-11,0.09638888
2005-07-13,7.87638888
2005-07-14,7.61388888
2005-07-17,0.24194444
2005-07-18,0.16833333
2005-07-19,1.74833333
2005-07-20,0.13416666
2005-07-21,0.04361111
2005-07-22,0.20888888
2005-07-23,0.10361111
2005-07-24,6.74
2005-07-25,0.09027777
2005-07-26,0.10777777
2005-07-28,0.05
2005-07-29,0.23361111
2005-07-31,0.04055555
2005-08-01,0.06777777
2005-08-02,0.11
2005-08-03,0.13222222
2005-08-04,1.08416666
2005-08-05,0.15805555
2005-08-09,0.54361111
2005-08-10,0.32916666
2005-08-11,1.40305555
2005-08-12,0.16472222
2005-08-13,4.36194444
2005-08-14,2.63194444
2005-08-17,0.08138888
2005-08-19,0.07722222
2005-08-20,0.20777777
2005-08-21,0.04055555
2005-08-22,0.07805555
2005-08-23,0.18416666
2005-08-24,0.20555555
2005-08-25,0.01194444
2005-08-26,7.35888888
2005-08-27,5.5075
2005-08-28,2.46388888
2005-08-30,0.63444444
2005-09-01,0.05555555
2005-09-03,0.49138888
2005-09-04,0.07805555
2005-09-06,0.67722222
2005-09-07,0.51694444
2005-09-08,0.37472222
2005-09-09,0.10027777
2005-09-10,0.98111111
2005-09-11,0.08055555
2005-09-13,0.64555555
2005-09-14,0.67722222
2005-09-15,0.20444444
2005-09-16,5.21388888
2005-09-17,0.08305555
2005-09-18,0.89972222
2005-09-19,0.56972222
2005-09-20,0.05583333
2005-09-21,1.02916666
2005-09-22,1.21555555
2005-09-23,0.05555555
2005-09-25,0.69388888
2005-09-26,3.58055555
2005-09-27,0.05611111
2005-09-28,0.89777777
2005-09-29,1.2875
2005-09-30,0.39472222
2005-10-01,1.58055555
2005-10-02,0.59833333
2005-10-03,0.08388888
2005-10-04,0.07861111
2005-10-05,0.40722222
2005-10-06,0.09083333
2005-10-07,0.04055555
2005-10-08,0.15555555
2005-10-09,0.11166666
2005-10-10,0.15388888
2005-10-11,0.72527777
2005-10-12,0.20305555
2005-10-13,0.11111111
2005-10-14,0.79166666
2005-10-15,0.21944444
2005-10-16,0.51833333
2005-10-17,1.155
2005-10-18,0.2525
2005-10-19,0.74333333
2005-10-20,0.03638888
2005-10-21,0.17944444
2005-10-22,0.11916666
2005-10-23,0.89083333
2005-10-24,0.17416666
2005-10-26,1.155
2005-10-27,7.22555555
2005-10-28,0.04111111
2005-10-29,2.88222222
2005-10-30,6.44416666
2005-10-31,1.03777777
2005-11-01,0.17805555
2005-11-02,0.47
2005-11-03,0.41611111
2005-11-04,0.2425
2005-11-05,0.10472222
2005-11-06,0.3
2005-11-07,0.25388888
2005-11-08,0.08027777
2005-11-09,0.22305555
2005-11-10,1.96277777
2005-11-11,0.54666666
2005-11-12,0.87972222
2005-11-13,0.44944444
2005-11-14,0.22472222
2005-11-15,0.04
2005-11-16,0.55472222
2005-11-17,1.24777777
2005-11-18,1.05777777
2005-11-19,1.58416666
2005-11-20,0.55444444
2005-11-21,0.56083333
2005-11-22,0.17888888
2005-11-23,0.64416666
2005-11-25,0.64027777
2005-11-26,0.21138888
2005-11-27,1.94555555
2005-11-28,1.07916666
2005-11-29,0.07527777
2005-11-30,4.30888888
2005-12-01,0.46916666
2005-12-02,0.8675
2005-12-03,1.32055555
2005-12-04,0.12333333
2005-12-05,0.13666666
2005-12-06,0.19305555
2005-12-07,0.93083333
2005-12-08,0.94472222
2005-12-09,0.03861111
2005-12-10,0.15916666
2005-12-11,0.12555555
2005-12-12,0.65416666
2005-12-14,0.5475
2005-12-15,0.34138888
2005-12-16,0.8425
2005-12-17,0.69
2005-12-18,0.7875
2005-12-19,0.255
2005-12-20,0.52361111
2005-12-21,0.3925
2005-12-22,0.13722222
2005-12-23,0.13638888
2005-12-24,0.4425
2005-12-26,0.11472222
2005-12-27,0.95027777
2005-12-28,0.89222222
2005-12-29,0.92055555
2005-12-30,0.36694444
2005-12-31,0.6025
2006-01-01,0.74138888
2006-01-02,0.21638888
2006-01-03,0.13666666
2006-01-04,0.12527777
2006-01-05,0.21472222
2006-01-06,0.15944444
2006-01-07,0.44222222
2006-01-08,0.14805555
2006-01-09,0.09972222
2006-01-10,0.11666666
2006-01-11,0.40777777
2006-01-12,0.71361111
2006-01-13,0.15277777
2006-01-14,0.46361111
2006-01-15,0.49611111
2006-01-16,1.48361111
2006-01-17,0.05888888
2006-01-18,0.29722222
2006-01-19,1.16611111
2006-01-20,0.59916666
2006-01-21,0.91416666
2006-01-22,0.62333333
2006-01-23,0.43861111
2006-01-24,0.05833333
2006-01-25,0.29611111
2006-01-26,0.35444444
2006-01-27,0.74194444
2006-01-28,0.46611111
2006-01-29,0.50611111
2006-01-30,0.15277777
2006-01-31,0.53777777
2006-02-01,0.95694444
2006-02-02,1.4925
2006-02-03,0.50166666
2006-02-04,0.61444444
2006-02-05,0.97194444
2006-02-06,1.17222222
2006-02-07,0.99666666
2006-02-08,1.61555555
2006-02-09,0.59472222
2006-02-10,0.22861111
2006-02-11,0.05861111
2006-02-12,0.58361111
2006-02-13,0.70888888
2006-02-14,2.04583333
2006-02-15,1.02361111
2006-02-16,0.82555555
2006-02-17,0.15611111
2006-02-18,0.33027777
2006-02-19,1.45805555
2006-02-20,1.18444444
2006-02-21,0.55083333
2006-02-22,0.71305555
2006-02-24,0.13027777
2006-02-25,1.44194444
2006-02-26,0.82888888
2006-02-27,0.82777777
2006-02-28,0.35722222
2006-03-01,0.35722222
2006-03-02,0.25583333
2006-03-03,0.15333333
2006-03-04,0.35166666
2006-03-05,1.57638888
2006-03-06,0.13861111
2006-03-07,1.59555555
2006-03-08,1.68666666
2006-03-09,0.285
2006-03-10,0.13777777
2006-03-11,0.41555555
2006-03-12,0.05833333
2006-03-13,0.28194444
2006-03-14,0.16444444
2006-03-15,0.54083333
2006-03-16,0.94777777
2006-03-17,0.43944444
2006-03-18,2.38777777
2006-03-19,2.10583333
2006-03-20,1.88166666
2006-03-21,0.32444444
2006-03-22,0.2375
2006-03-23,1.40861111
2006-03-24,0.87972222
2006-03-25,0.17583333
2006-03-26,2.11555555
2006-03-27,1.90805555
2006-03-28,0.54916666
2006-03-29,0.66611111
2006-03-30,1.01916666
2006-03-31,0.90722222
2006-04-01,0.10277777
2006-04-02,0.41583333
2006-04-03,0.39
2006-04-04,0.14222222
2006-04-05,0.215
2006-04-06,0.80472222
2006-04-07,0.43972222
2006-04-08,0.28805555
2006-04-09,1.57222222
2006-04-10,1.10388888
2006-04-11,1.61194444
2006-04-12,0.84222222
2006-04-14,0.59583333
2006-04-15,0.79305555
2006-04-16,0.29083333
2006-04-17,0.54583333
2006-04-18,0.77444444
2006-04-19,1.46305555
2006-04-20,0.89388888
2006-04-21,0.06
2006-04-22,0.275
2006-04-23,0.19361111
2006-04-24,0.55666666
2006-04-25,0.23166666
2006-04-26,0.17472222
2006-04-27,0.88333333
2006-04-28,0.84388888
2006-04-29,1.51944444
2006-04-30,0.32222222
2006-05-01,0.28638888
2006-05-02,1.21222222
2006-05-03,0.20861111
2006-05-04,0.13
2006-05-05,0.22861111
2006-05-06,0.165
2006-05-07,0.82944444
2006-05-08,0.43527777
2006-05-09,0.08555555
2006-05-10,0.11555555
2006-05-11,0.05944444
2006-05-12,0.70277777
2006-05-13,0.34361111
2006-05-14,0.20361111
2006-05-15,0.13416666
2006-05-16,0.25361111
2006-05-17,0.23722222
2006-05-18,0.08166666
2006-05-19,0.23888888
2006-05-20,0.59972222
2006-05-21,0.64083333
2006-05-22,0.98916666
2006-05-23,1.4625
2006-05-24,0.63888888
2006-05-25,0.47833333
2006-05-26,0.20527777
2006-05-27,0.16916666
2006-05-28,0.63222222
2006-05-29,0.42861111
2006-05-30,0.74361111
2006-05-31,0.17972222
2006-06-01,0.17416666
2006-06-02,0.18138888
2006-06-03,0.12444444
2006-06-04,0.34638888
2006-06-05,0.80861111
2006-06-06,0.04361111
2006-06-07,0.19027777
2006-06-08,0.02638888
2006-06-09,0.74527777
2006-06-10,0.19777777
2006-06-11,0.56888888
2006-06-12,0.23833333
2006-06-13,0.05666666
2006-06-14,0.47305555
2006-06-15,0.20694444
2006-06-16,0.19111111
2006-06-17,0.11972222
2006-06-18,0.04083333
2006-06-21,0.04027777
2006-06-22,0.15666666
2006-06-23,0.29083333
2006-06-24,1.12222222
2006-06-25,0.17777777
2006-06-26,0.05944444
2006-06-27,0.12444444
2006-06-28,0.09944444
2006-06-29,0.26111111
2006-06-30,0.22666666
2006-07-01,0.05611111
2006-07-02,0.25944444
2006-07-03,0.30305555
2006-07-04,0.44638888
2006-07-05,0.11388888
2006-07-06,0.17833333
2006-07-07,0.375
2006-07-08,0.04805555
2006-07-10,0.29861111
2006-07-11,0.26916666
2006-07-12,0.18777777
2006-07-13,0.13027777
2006-07-14,0.50583333
2006-07-15,0.09611111
2006-07-16,5.50166666
2006-07-17,0.28333333
2006-07-18,0.22694444
2006-07-19,0.22611111
2006-07-20,0.33805555
2006-07-21,0.52611111
2006-07-22,0.0575
2006-07-23,0.13888888
2006-07-24,0.12027777
2006-07-25,0.33861111
2006-07-26,0.05805555
2006-07-27,0.28111111
2006-07-28,0.38416666
2006-07-29,0.17222222
2006-07-30,0.21527777
2006-07-31,0.2275
2006-08-01,0.09833333
2006-08-02,0.30388888
2006-08-03,0.2275
2006-08-04,0.30472222
2006-08-05,0.18055555
2006-08-06,0.35083333
2006-08-07,0.42055555
2006-08-08,0.07
2006-08-09,0.11388888
2006-08-10,0.16972222
2006-08-11,0.20888888
2006-08-12,0.28083333
2006-08-13,0.51472222
2006-08-14,0.18527777
2006-08-15,0.24416666
2006-08-16,0.16861111
2006-08-17,0.09666666
2006-08-18,0.05972222
2006-08-19,0.1175
2006-08-20,0.11777777
2006-08-23,0.10916666
2006-08-24,0.05527777
2006-08-26,0.08222222
2006-08-27,0.14055555
2006-08-29,0.13722222
2006-08-31,0.16583333
2006-09-02,0.05638888
2006-09-04,0.68916666
2006-09-05,0.71916666
2006-09-06,0.61361111
2006-09-07,1.11305555
2006-09-08,1.0425
2006-09-09,1.21805555
2006-09-10,0.72916666
2006-09-11,0.56277777
2006-09-12,0.38944444
2006-09-14,0.38916666
2006-09-15,0.6675
2006-09-16,0.31722222
2006-09-17,0.24638888
2006-09-18,0.15472222
2006-09-20,0.80888888
2006-09-21,0.77583333
2006-09-22,0.58138888
2006-09-23,0.17722222
2006-09-24,0.05805555
2006-09-25,0.24611111
2006-09-26,0.63638888
2006-09-27,0.18611111
2006-09-28,0.17611111
2006-09-29,0.13111111
2006-09-30,0.255
2006-10-01,0.08138888
2006-10-02,0.39388888
2006-10-03,0.54277777
2006-10-04,0.22555555
2006-10-05,0.36583333
2006-10-06,0.0575
2006-10-07,0.47444444
2006-10-08,0.56
2006-10-09,0.50805555
2006-10-10,0.26
2006-10-11,0.16972222
2006-10-12,0.23833333
2006-10-13,0.05555555
2006-10-14,1.50805555
2006-10-15,0.73138888
2006-10-16,0.13416666
2006-10-17,0.105
2006-10-18,0.77388888
2006-10-19,0.16833333
2006-10-20,0.17638888
2006-10-21,0.66083333
2006-10-22,0.30638888
2006-10-23,0.09861111
2006-10-24,1.25666666
2006-10-25,0.8225
2006-10-26,0.28777777
2006-10-27,0.13694444
2006-10-28,0.15611111
2006-10-29,0.91472222
2006-10-30,1.685
2006-10-31,0.1675
2006-11-01,0.075
2006-11-02,0.26194444
2006-11-03,1.60388888
2006-11-04,1.37611111
2006-11-05,0.78583333
2006-11-06,0.08166666
2006-11-07,0.09
2006-11-08,0.09833333
2006-11-09,0.27861111
2006-11-10,1.00472222
2006-11-11,0.11444444
2006-11-12,0.21777777
2006-11-13,0.74944444
2006-11-14,0.28583333
2006-11-15,0.22277777
2006-11-16,0.04
2006-11-17,0.0975
2006-11-18,0.43194444
2006-11-19,0.92277777
2006-11-20,0.16833333
2006-11-21,0.67055555
2006-11-22,1.03027777
2006-11-26,0.26666666
2006-11-27,0.55444444
2006-11-28,0.38861111
2006-11-30,0.14138888
2006-12-01,0.08833333
2006-12-02,0.95194444
2006-12-03,0.4275
2006-12-04,0.28166666
2006-12-05,0.71333333
2006-12-06,1.21916666
2006-12-07,0.15472222
2006-12-08,0.26638888
2006-12-09,0.50722222
2006-12-10,0.87305555
2006-12-11,0.44055555
2006-12-12,0.70194444
2006-12-13,0.18222222
2006-12-14,0.51
2006-12-15,1.17305555
2006-12-16,1.83222222
2006-12-17,1.08111111
2006-12-18,0.04
2006-12-21,0.15972222
2006-12-22,0.32611111
2006-12-23,0.69194444
2006-12-24,0.32
2006-12-26,0.21138888
2006-12-27,0.79111111
2006-12-28,0.74666666
2006-12-29,0.69722222
2006-12-30,0.98583333
2006-12-31,2.54722222
2007-01-01,2.08527777
2007-01-02,0.26
2007-01-03,2.68472222
2007-01-04,2.97694444
2007-01-05,0.09944444
2007-01-06,2.46416666
2007-01-07,0.63527777
2007-01-08,0.55916666
2007-01-09,0.47472222
2007-01-10,2.88805555
2007-01-11,4.00472222
2007-01-12,3.14277777
2007-01-13,0.33777777
2007-01-14,2.93111111
2007-01-15,4.31
2007-01-16,2.17055555
2007-01-17,1.68055555
2007-01-18,2.10777777
2007-01-19,1.14194444
2007-01-20,1.54444444
2007-01-21,1.16027777
2007-01-22,1.5
2007-01-23,1.00194444
2007-01-24,1.13527777
2007-01-25,0.105
2007-01-26,0.37444444
2007-01-27,0.39138888
2007-01-28,0.7225
2007-01-29,0.59527777
2007-01-30,0.32083333
2007-01-31,0.91305555
2007-02-01,1.155
2007-02-02,0.1
2007-02-03,0.11138888
2007-02-04,0.15472222
2007-02-05,1.25638888
2007-02-06,0.15888888
2007-02-07,0.28527777
2007-02-08,1.08694444
2007-02-09,1.03666666
2007-02-10,0.50111111
2007-02-11,1.12722222
2007-02-12,0.21138888
2007-02-13,0.09861111
2007-02-14,0.04527777
2007-02-15,0.42333333
2007-02-16,0.48861111
2007-02-17,0.20388888
2007-02-18,0.09805555
2007-02-19,0.93166666
2007-02-20,0.60916666
2007-02-21,0.57833333
2007-02-22,0.81944444
2007-02-23,0.68305555
2007-02-24,0.71805555
2007-02-25,0.0575
2007-02-26,0.05027777
2007-02-27,0.89083333
2007-02-28,0.57805555
2007-03-01,0.49555555
2007-03-02,0.26361111
2007-03-03,0.78472222
2007-03-04,0.87388888
2007-03-05,0.74194444
2007-03-06,0.7325
2007-03-07,1.04
2007-03-08,0.91
2007-03-09,3.12361111
2007-03-10,0.76861111
2007-03-11,0.39472222
2007-03-12,1.63583333
2007-03-13,0.59833333
2007-03-14,0.69638888
2007-03-15,0.48972222
2007-03-16,0.1375
2007-03-17,0.05861111
2007-03-18,0.375
2007-03-19,0.52138888
2007-03-20,0.32055555
2007-03-21,1.03111111
2007-03-22,0.10083333
2007-03-23,0.17694444
2007-03-25,0.2
2007-03-26,1.57861111
2007-03-27,0.57916666
2007-03-28,0.16888888
2007-03-29,1.02472222
2007-03-30,1.10194444
2007-03-31,0.39138888
2007-04-01,0.17277777
2007-04-02,0.11527777
2007-04-03,1.22388888
2007-04-04,0.05638888
2007-04-05,0.05694444
2007-04-06,0.98388888
2007-04-07,0.89361111
2007-04-08,1.07694444
2007-04-09,0.83638888
2007-04-10,0.54166666
2007-04-11,0.95944444
2007-04-13,0.45
2007-04-14,0.80583333
2007-04-15,0.66166666
2007-04-16,0.05777777
2007-04-17,0.07694444
2007-04-18,0.74611111
2007-04-19,0.27722222
2007-04-20,0.9175
2007-04-21,0.54194444
2007-04-22,0.96361111
2007-04-23,0.40361111
2007-04-24,0.23111111
2007-04-25,10.0275
2007-04-26,0.80777777
2007-04-27,0.36527777
2007-04-28,0.28055555
2007-04-29,0.94833333
2007-04-30,0.0925
2007-07-05,0.52666666
2007-07-09,0.25777777
2007-07-10,2.28861111
2007-07-11,2.69055555
2007-07-12,1.69638888
2007-08-05,2.88388888
2007-08-06,0.63527777
2007-08-07,1.33583333
2007-08-08,0.60777777
2007-09-14,0.05666666
2007-09-16,0.07694444
2007-09-21,0.29083333
2007-09-22,0.275
2007-09-25,0.07944444
2007-09-27,0.04166666
2007-09-28,0.325
2007-09-29,0.44416666
2007-09-30,0.60944444
2007-10-02,0.11361111
2007-10-03,0.76027777
2007-10-04,0.55416666
2007-10-05,0.09694444
2007-10-06,0.13944444
2007-10-07,0.39888888
2007-10-08,0.15305555
2007-10-09,0.15527777
2007-10-10,1.37111111
2007-10-11,0.79972222
2007-10-12,0.16194444
2007-10-13,0.24916666
2007-10-14,0.69
2007-10-15,0.35222222
2007-10-16,0.93416666
2007-10-17,0.39611111
2007-10-18,0.21388888
2007-10-19,0.07777777
2007-10-20,0.58222222
2007-10-21,0.71444444
2007-10-22,0.17027777
2007-10-23,1.03972222
2007-10-24,0.71388888
2007-10-25,0.29555555
2007-10-26,0.43777777
2007-10-27,0.28666666
2007-10-28,0.22472222
2007-10-29,1.24611111
2007-10-30,1.08694444
2007-10-31,0.69611111
2007-11-01,0.28416666
2007-11-02,0.04222222
2007-11-03,0.90527777
2007-11-04,0.12833333
2007-11-05,1.44472222
2007-11-06,0.27833333
2007-11-07,0.47
2007-11-08,0.99583333
2007-11-09,0.82
2007-11-10,0.32388888
2007-11-11,0.315
2007-11-12,0.32416666
2007-11-13,0.9
2007-11-14,0.68083333
2007-11-15,0.35027777
2007-11-16,0.505
2007-11-17,0.7825
2007-11-18,0.71583333
2007-11-19,0.515
2007-11-20,0.56722222
2007-11-21,0.20305555
2007-11-23,0.25805555
2007-11-24,0.55611111
2007-11-25,0.38916666
2007-11-26,0.05694444
2007-11-27,0.205
2007-11-28,1.38694444
2007-11-29,0.61333333
2007-11-30,0.11138888
2007-12-01,0.77722222
2007-12-02,0.20916666
2007-12-03,0.23416666
2007-12-04,0.0575
2007-12-05,0.04361111
2007-12-06,0.27111111
2007-12-07,0.61638888
2007-12-08,0.27305555
2007-12-09,0.19055555
2007-12-10,0.09305555
2007-12-11,0.34472222
2007-12-12,0.26666666
2007-12-13,0.11722222
2007-12-14,1.01083333
2007-12-15,0.50638888
2007-12-17,0.04111111
2007-12-18,0.43416666
2007-12-19,1.37
2007-12-20,0.13138888
2007-12-21,0.39777777
2007-12-22,0.97277777
2007-12-23,0.16111111
2007-12-24,0.40111111
2007-12-26,0.44472222
2007-12-27,0.32361111
2007-12-28,0.51694444
2007-12-29,0.27833333
2007-12-30,0.9975
2007-12-31,0.49166666
2008-01-01,0.71777777
2008-01-02,0.72194444
2008-01-03,2.28555555
2008-01-04,1.70972222
2008-01-05,2.26361111
2008-01-06,1.08833333
2008-01-07,0.64805555
2008-01-08,1.05805555
2008-01-09,2.13666666
2008-01-10,0.74416666
2008-01-11,0.5175
2008-01-12,0.4325
2008-01-13,1.22222222
2008-01-14,0.3075
2008-01-15,1.23861111
2008-01-16,1.28888888
2008-01-17,0.36861111
2008-01-18,0.64138888
2008-01-19,0.73527777
2008-01-20,1.37638888
2008-01-21,7.93138888
2008-01-22,0.36138888
2008-01-23,0.87333333
2008-01-24,0.71638888
2008-01-25,0.39583333
2008-01-26,0.64055555
2008-01-27,1.1725
2008-01-28,0.68555555
2008-01-29,0.04583333
2008-01-30,0.88083333
2008-01-31,0.72416666
2008-02-01,2.33861111
2008-02-02,0.85805555
2008-02-03,1.06416666
2008-02-04,2.03888888
2008-02-05,0.85833333
2008-02-06,1.08527777
2008-02-07,2.55777777
2008-02-08,1.81722222
2008-02-09,0.72666666
2008-02-10,0.11861111
2008-02-11,0.46833333
2008-02-12,0.65083333
2008-02-13,0.35555555
2008-02-14,1.14194444
2008-02-15,1.12333333
2008-02-16,0.28666666
2008-02-17,0.08555555
2008-02-18,0.25333333
2008-02-19,0.34472222
2008-02-20,0.51416666
2008-02-21,0.86833333
2008-02-22,1.11555555
2008-02-23,0.37694444
2008-02-24,0.6725
2008-02-25,0.30666666
2008-02-26,0.10611111
2008-02-27,0.1025
2008-02-28,0.50194444
2008-02-29,0.88666666
2008-03-01,0.18333333
2008-03-02,1.2575
2008-03-03,1.73027777
2008-03-04,0.5125
2008-03-05,0.77805555
2008-03-06,0.93722222
2008-03-07,0.71888888
2008-03-08,0.90722222
2008-03-09,2.11222222
2008-03-10,1.51388888
2008-03-11,0.98861111
2008-03-12,1.75277777
2008-03-13,0.33694444
2008-03-14,0.45583333
2008-03-15,0.04055555
2008-03-16,0.69888888
2008-03-17,1.06388888
2008-03-18,0.27083333
2008-03-19,0.32138888
2008-03-20,1.45944444
2008-03-21,1.38083333
2008-03-22,0.14305555
2008-03-23,0.42027777
2008-03-24,0.54361111
2008-03-25,1.61638888
2008-03-26,1.40361111
2008-03-27,0.04222222
2008-03-28,0.11361111
2008-03-29,1.2675
2008-03-30,0.20972222
2008-03-31,0.30194444
2008-04-01,0.23
2008-04-02,0.56722222
2008-04-03,1.00444444
2008-04-04,0.12416666
2008-04-05,5.67388888
2008-04-06,0.75444444
2008-04-07,1.10444444
2008-04-08,0.11305555
2008-04-09,0.695
2008-04-10,0.32361111
2008-04-11,0.25611111
2008-04-12,0.54055555
2008-04-13,0.83416666
2008-04-14,0.89944444
2008-04-15,0.58555555
2008-04-16,0.91194444
2008-04-17,0.32472222
2008-04-18,0.09555555
2008-04-19,0.75444444
2008-04-20,0.44805555
2008-04-21,0.43388888
2008-04-22,0.24305555
2008-04-23,1.00388888
2008-04-24,1.47083333
2008-04-25,0.13388888
2008-04-26,0.4775
2008-04-27,0.63888888
2008-04-28,0.37611111
2008-04-29,0.26055555
2008-04-30,0.85416666
2008-05-01,0.25638888
2008-05-02,0.68611111
2008-05-03,0.39777777
2008-05-04,0.74305555
2008-05-05,1.01916666
2008-05-06,1.15722222
2008-05-07,0.39083333
2008-05-08,0.57166666
2008-05-09,0.05777777
2008-05-10,0.33916666
2008-05-11,0.44361111
2008-05-12,0.28611111
2008-05-13,0.7775
2008-05-14,1.05805555
2008-05-15,0.27805555
2008-05-16,0.31472222
2008-05-17,0.18027777
2008-05-18,0.80638888
2008-05-19,0.54305555
2008-05-20,0.22277777
2008-05-21,0.29861111
2008-05-22,1.30277777
2008-05-23,0.76444444
2008-05-24,1.83111111
2008-05-25,0.48888888
2008-05-26,0.38666666
2008-05-27,0.04055555
2008-05-28,0.28055555
2008-05-29,1.03111111
2008-05-30,0.30194444
2008-05-31,0.16027777
2008-06-01,0.91583333
2008-06-02,0.17083333
2008-06-03,0.09111111
2008-06-04,0.15
2008-06-05,0.24361111
2008-06-06,0.27388888
2008-06-07,0.35222222
2008-06-08,0.26972222
2008-06-09,0.13916666
2008-06-10,0.05611111
2008-06-11,0.19194444
2008-06-12,0.05527777
2008-06-13,0.21722222
2008-06-14,0.28972222
2008-06-15,0.32055555
2008-06-16,0.03805555
2008-06-17,0.05527777
2008-06-18,0.18527777
2008-06-19,0.32916666
2008-06-20,0.3025
2008-06-21,0.24416666
2008-06-22,0.28472222
2008-06-23,0.11611111
2008-06-24,0.66361111
2008-06-25,0.43555555
2008-06-26,0.475
2008-06-27,5.08222222
2008-06-28,0.31277777
2008-06-29,0.2225
2008-06-30,0.21055555
2008-07-01,0.32444444
2008-07-02,0.99944444
2008-07-03,0.50305555
2008-07-04,0.32944444
2008-07-05,0.32055555
2008-07-06,0.82527777
2008-07-08,0.22583333
2008-07-09,0.11638888
2008-07-10,0.15638888
2008-07-11,0.58388888
2008-07-12,0.34527777
2008-07-13,0.04
2008-07-14,0.21944444
2008-07-15,0.22833333
2008-07-16,0.17222222
2008-07-17,0.05583333
2008-07-18,0.43305555
2008-07-19,0.36361111
2008-07-20,0.24361111
2008-07-21,0.33333333
2008-07-22,0.11222222
2008-07-23,0.1775
2008-07-24,0.20833333
2008-07-25,0.74111111
2008-07-26,0.21694444
2008-07-27,0.26194444
2008-07-28,0.34111111
2008-07-29,0.10666666
2008-07-30,0.09694444
2008-07-31,0.26555555
2008-08-01,0.44555555
2008-08-02,0.87805555
2008-08-03,0.59694444
2008-08-04,1.16027777
2008-08-05,0.24972222
2008-08-06,0.46583333
2008-08-07,0.48027777
2008-08-08,0.5325
2008-08-09,0.95388888
2008-08-10,3.00222222
2008-08-11,2.12888888
2008-08-12,0.1075
2008-08-13,0.21305555
2008-08-14,0.05305555
2008-08-15,0.265
2008-08-16,1.33027777
2008-08-17,0.47333333
2008-08-18,0.16722222
2008-08-19,0.03777777
2008-08-20,0.18555555
2008-08-21,0.11194444
2008-08-22,0.50833333
2008-08-23,0.43055555
2008-08-24,0.55166666
2008-08-25,0.26222222
2008-08-26,0.19194444
2008-08-28,0.05638888
2008-08-29,0.24638888
2008-08-30,0.51611111
2008-08-31,0.6025
2008-09-01,0.23388888
2008-09-02,1.005
2008-09-03,0.46
2008-09-04,0.63861111
2008-09-05,0.58472222
2008-09-06,0.08388888
2008-09-07,0.39083333
2008-09-08,0.33916666
2008-09-09,0.05777777
2008-09-10,0.11611111
2008-09-11,0.26222222
2008-09-12,0.15
2008-09-13,0.025
2008-09-15,0.05805555
2008-09-16,0.05861111
2008-09-17,0.19944444
2008-09-18,0.22944444
2008-09-19,0.05527777
2008-09-20,0.61888888
2008-09-21,3.49555555
2008-09-22,1.62805555
2008-09-23,0.08083333
2008-09-24,0.60416666
2008-09-25,0.11333333
2008-09-26,0.0575
2008-09-28,0.05805555
2008-09-29,0.21055555
2008-09-30,0.5775
2008-10-01,0.36111111
2008-10-02,0.42944444
2008-10-03,0.38444444
2008-10-04,2.02972222
2008-10-05,0.60861111
2008-10-06,0.16861111
2008-10-07,1.19861111
2008-10-08,0.86194444
2008-10-09,0.53111111
2008-10-10,0.05555555
2008-10-11,1.275
2008-10-12,4.15666666
2008-10-13,0.86222222
2008-10-14,1.495
2008-10-15,0.31611111
2008-10-16,1.03138888
2008-10-17,1.00055555
2008-10-18,0.1375
2008-10-19,0.05527777
2008-10-20,0.05694444
2008-10-21,0.71777777
2008-10-22,0.79055555
2008-10-23,1.03361111
2008-10-24,0.87333333
2008-10-25,0.405
2008-10-26,0.08
2008-10-27,1.53222222
2008-10-28,0.08638888
2008-10-29,0.05555555
2008-10-30,0.39
2008-10-31,1.40416666
2008-11-01,0.55527777
2008-11-02,0.59666666
2008-11-03,0.38305555
2008-11-04,0.46583333
2008-11-05,0.88138888
2008-11-06,0.57472222
2008-11-07,0.02722222
2008-11-08,0.56055555
2008-11-09,1.83694444
2008-11-10,0.44611111
2008-11-11,0.59611111
2008-11-12,0.04
2008-11-13,0.32777777
2008-11-14,0.15388888
2008-11-15,0.12666666
2008-11-16,0.10194444
2008-11-17,0.74666666
2008-11-18,0.26222222
2008-11-19,0.93111111
2008-11-20,0.74472222
2008-11-21,1.445
2008-11-22,0.64916666
2008-11-23,2.06083333
2008-11-24,0.39416666
2008-11-25,0.50916666
2008-11-26,0.20972222
2008-11-28,0.73277777
2008-11-29,1.35194444
2008-11-30,0.80222222
2008-12-01,0.50722222
2008-12-02,0.81
2008-12-03,1.14722222
2008-12-04,0.35527777
2008-12-05,0.27944444
2008-12-06,1.1675
2008-12-07,0.38361111
2008-12-08,0.37194444
2008-12-09,0.44388888
2008-12-10,0.14111111
2008-12-11,0.31527777
2008-12-12,1.06111111
2008-12-13,1.36083333
2008-12-14,0.96416666
2008-12-15,0.12555555
2008-12-16,0.12138888
2008-12-17,0.05861111
2008-12-18,1.03583333
2008-12-19,0.05861111
2008-12-20,0.28055555
2008-12-21,0.44833333
2008-12-22,0.16861111
2008-12-23,0.70944444
2008-12-24,2.02222222
2008-12-26,0.39666666
2008-12-27,0.23333333
2008-12-28,1.09166666
2008-12-29,4.57638888
2008-12-30,0.27472222
2008-12-31,0.17472222
2009-01-01,0.27777777
2009-01-02,0.32222222
2009-01-03,1.43055555
2009-01-04,0.33666666
2009-01-05,0.26361111
2009-01-06,0.70638888
2009-01-07,0.29305555
2009-01-08,1.27861111
2009-01-09,0.97083333
2009-01-10,0.36472222
2009-01-11,0.58722222
2009-01-12,0.09333333
2009-01-13,0.49444444
2009-01-14,0.59916666
2009-01-15,0.23
2009-01-16,0.61527777
2009-01-17,0.33666666
2009-01-18,0.3225
2009-01-19,0.35722222
2009-01-20,0.89611111
2009-01-21,0.75777777
2009-01-22,1.50944444
2009-01-23,0.47861111
2009-01-24,0.29166666
2009-01-25,1.40055555
2009-01-26,0.29222222
2009-01-27,0.11722222
2009-01-28,0.15305555
2009-01-29,1.30166666
2009-01-30,1.43277777
2009-01-31,0.89138888
2009-02-01,1.6725
2009-02-02,0.93333333
2009-02-03,0.58194444
2009-02-04,0.16805555
2009-02-05,0.97611111
2009-02-06,0.33777777
2009-02-07,0.85583333
2009-02-08,0.65222222
2009-02-09,1.75416666
2009-02-10,0.44833333
2009-02-11,1.05805555
2009-02-13,0.14472222
2009-02-14,0.89694444
2009-02-15,0.93027777
2009-02-16,0.37694444
2009-02-17,0.77722222
2009-02-18,0.69222222
2009-02-19,0.05972222
2009-02-20,0.55472222
2009-02-21,1.84833333
2009-02-22,0.64472222
2009-02-23,0.11722222
2009-02-24,0.52638888
2009-02-25,1.36805555
2009-02-26,0.34722222
2009-02-27,0.39916666
2009-02-28,0.21916666
2009-03-01,0.115
2009-03-02,0.88333333
2009-03-03,1.24861111
2009-03-04,1.56694444
2009-03-05,0.51777777
2009-03-06,0.22416666
2009-03-07,0.22666666
2009-03-08,0.73805555
2009-03-09,0.65805555
2009-03-10,0.78583333
2009-03-11,0.17972222
2009-03-12,0.66361111
2009-03-13,0.30555555
2009-03-14,0.21555555
2009-03-15,0.12444444
2009-03-16,0.21666666
2009-03-17,0.06305555
2009-03-18,1.02694444
2009-03-19,1.29027777
2009-03-20,0.28388888
2009-03-21,0.67222222
2009-03-22,0.50972222
2009-03-23,0.22222222
2009-03-24,1.29611111
2009-03-25,0.12
2009-03-26,0.01083333
2009-03-27,0.61694444
2009-03-28,1.50583333
2009-03-29,1.45527777
2009-03-30,0.22444444
2009-03-31,1.2025
2009-04-01,0.28833333
2009-04-02,0.5725
2009-04-03,0.13361111
2009-04-04,0.18638888
2009-04-05,1.32333333
2009-04-06,0.73194444
2009-04-07,0.25555555
2009-04-08,0.16555555
2009-04-09,0.10361111
2009-04-10,0.10027777
2009-04-11,0.44777777
2009-04-12,0.83305555
2009-04-13,0.80833333
2009-04-14,0.10388888
2009-04-15,0.11666666
2009-04-16,0.56583333
2009-04-17,4.03972222
2009-04-18,4.715
2009-04-19,1.34416666
2009-04-20,0.27194444
2009-04-21,0.04944444
2009-04-22,0.17305555
2009-04-23,0.79
2009-04-24,0.55611111
2009-04-25,0.78527777
2009-04-26,0.2325
2009-04-27,1.40138888
2009-04-28,1.66083333
2009-04-29,0.33888888
2009-04-30,0.08416666
2009-05-01,0.11638888
2009-05-02,0.05888888
2009-05-03,0.11416666
2009-05-04,0.11666666
2009-05-05,0.18166666
2009-05-06,0.24333333
2009-05-07,0.45
2009-05-08,0.57638888
2009-05-09,0.23055555
2009-05-10,0.11138888
2009-05-11,0.28638888
2009-05-12,1.01472222
2009-05-13,0.335
2009-05-14,0.10805555
2009-05-16,0.61388888
2009-05-18,0.80583333
2009-05-19,1.68527777
2009-05-20,1.25694444
2009-05-21,1.08416666
2009-05-22,0.14111111
2009-05-23,0.39611111
2009-05-24,0.94055555
2009-05-25,0.10944444
2009-05-26,0.52916666
2009-05-27,0.07972222
2009-05-28,0.33861111
2009-05-29,0.53722222
2009-05-30,0.13305555
2009-05-31,0.1875
2009-06-01,0.4175
2009-06-02,0.07805555
2009-06-03,0.25666666
2009-06-04,0.45722222
2009-06-05,4.46666666
2009-06-06,3.61333333
2009-06-07,6.21777777
2009-06-08,1.71638888
2009-06-09,0.90638888
2009-06-10,0.70777777
2009-06-11,0.25361111
2009-06-12,0.11722222
2009-06-13,0.145
2009-06-14,0.49333333
2009-06-15,0.05638888
2009-06-16,0.69166666
2009-06-17,0.11527777
2009-06-18,0.18138888
2009-06-19,0.32722222
2009-06-20,0.54388888
2009-06-21,0.79222222
2009-06-23,0.22416666
2009-06-24,0.69694444
2009-06-25,0.58694444
2009-06-26,0.45333333
2009-06-27,0.54888888
2009-06-28,0.62194444
2009-06-29,0.58555555
2009-06-30,0.20972222
2009-07-01,0.70722222
2009-07-02,0.16916666
2009-07-03,0.45166666
2009-07-04,2.33333333
2009-07-05,0.34444444
2009-07-06,0.21388888
2009-07-07,0.22388888
2009-07-08,0.05583333
2009-07-09,0.17333333
2009-07-10,0.11527777
2009-07-11,0.18944444
2009-07-12,0.51972222
2009-07-13,0.36888888
2009-07-14,0.24666666
2009-07-15,1.82222222
2009-07-16,1.12527777
2009-07-17,0.62027777
2009-07-18,0.16638888
2009-07-19,0.48388888
2009-07-20,1.46694444
2009-07-21,0.62472222
2009-07-22,0.06083333
2009-07-23,0.16694444
2009-07-25,0.62777777
2009-07-26,0.34111111
2009-07-27,0.16861111
2009-07-28,0.16833333
2009-07-29,0.81833333
2009-07-30,0.36555555
2009-07-31,0.66166666
2009-08-01,0.86416666
2009-08-02,0.28833333
2009-08-03,0.5
2009-08-04,0.89638888
2009-08-05,0.30777777
2009-08-06,1.00583333
2009-08-07,0.10833333
2009-08-08,0.42527777
2009-08-09,0.84583333
2009-08-10,2.985
2009-08-11,0.77361111
2009-08-12,0.33222222
2009-08-13,0.38611111
2009-08-14,0.175
2009-08-15,1.04527777
2009-08-16,0.27972222
2009-08-18,0.72138888
2009-08-19,0.91027777
2009-08-20,0.26972222
2009-08-21,0.39611111
2009-08-22,0.5625
2009-08-23,0.84111111
2009-08-24,0.0575
2009-08-25,0.30666666
2009-08-26,0.49055555
2009-08-27,0.09444444
2009-08-28,0.58472222
2009-08-29,0.71638888
2009-08-30,0.1375
2009-08-31,0.2275
2009-09-01,0.22888888
2009-09-02,0.535
2009-09-03,0.11305555
2009-09-04,0.20666666
2009-09-05,2.49416666
2009-09-06,0.10527777
2009-09-07,0.32444444
2009-09-08,0.11333333
2009-09-09,0.25916666
2009-09-10,1.22444444
2009-09-11,0.66194444
2009-09-12,1.98722222
2009-09-13,0.07472222
2009-09-14,0.4325
2009-09-15,0.33972222
2009-09-16,0.08027777
2009-09-17,0.09305555
2009-09-18,0.44777777
2009-09-19,0.20888888
2009-09-20,0.11416666
2009-09-21,0.16916666
2009-09-22,0.11388888
2009-09-23,0.22638888
2009-09-24,0.17138888
2009-09-25,4.58583333
2009-09-26,7.24527777
2009-09-27,0.63638888
2009-09-28,0.35861111
2009-09-29,0.15166666
2009-09-30,0.56388888
2009-10-01,0.43111111
2009-10-02,0.60638888
2009-10-03,0.98
2009-10-04,0.08666666
2009-10-05,0.40861111
2009-10-06,0.72805555
2009-10-07,0.22861111
2009-10-08,0.08222222
2009-10-09,0.27583333
2009-10-10,0.32166666
2009-10-11,1.98305555
2009-10-12,0.64333333
2009-10-13,0.02444444
2009-10-14,7.94305555
2009-10-15,0.10083333
2009-10-16,0.02611111
2009-10-17,2.725
2009-10-18,7.29277777
2009-10-25,0.38055555
2009-10-26,0.77777777
2009-10-29,0.45277777
2009-10-30,0.15722222
2009-10-31,0.18305555
2009-11-01,0.08388888
2009-11-02,0.64416666
2009-11-03,0.27638888
2009-11-04,0.04166666
2009-11-05,0.18166666
2009-11-06,0.52138888
2009-11-07,0.87222222
2009-11-08,0.50416666
2009-11-09,0.22305555
2009-11-10,0.20805555
2009-11-11,1.06138888
2009-11-12,0.55805555
2009-11-14,0.0475
2009-11-15,0.665
2009-11-16,1.41138888
2009-11-17,0.44861111
2009-11-18,0.17416666
2009-11-19,9.73972222
2009-11-20,6.41111111
2009-11-21,6.14666666
2009-11-22,12.3033333
2009-11-23,0.13666666
2009-11-24,0.085
2009-11-25,0.61888888
2009-11-28,1.2975
2009-11-29,0.85333333
2009-11-30,0.22666666
2009-12-01,1.02305555
2009-12-02,1.08222222
2009-12-04,0.445
2009-12-05,0.05527777
2009-12-06,1.03972222
2009-12-10,0.20527777
2009-12-11,0.13388888
2009-12-12,0.92805555
2009-12-14,0.55583333
2009-12-15,0.14722222
2009-12-16,7.99222222
2009-12-17,6.20611111
2009-12-18,0.55972222
2009-12-20,0.21694444
2009-12-21,8.77361111
2009-12-22,0.02444444
2009-12-23,0.72027777
2009-12-24,0.96472222
2009-12-26,6.32888888
2009-12-27,2.09361111
2009-12-28,2.01444444
2009-12-29,1.39666666
2009-12-30,0.50361111
2009-12-31,0.0625
2010-01-01,1.2125
2010-01-02,0.27944444
2010-01-03,0.09305555
2010-01-06,0.11055555
2010-01-07,0.37527777
2010-01-08,0.16861111
2010-01-09,2.44277777
2010-01-10,1.17138888
2010-01-11,0.86611111
2010-01-12,0.46944444
2010-01-13,0.4575
2010-01-14,1.40972222
2010-01-15,0.65083333
2010-01-16,0.445
2010-01-17,0.37972222
2010-01-18,4.02666666
2010-01-19,0.1375
2010-01-20,7.26694444
2010-01-21,4.59916666
2010-01-22,0.04222222
2010-01-23,0.17555555
2010-01-24,0.10083333
2010-01-25,0.28666666
2010-01-26,0.75833333
2010-01-27,0.89055555
2010-01-28,0.22444444
2010-01-29,1.01694444
2010-01-30,7.24083333
2010-01-31,0.68027777
2010-02-01,0.90138888
2010-02-02,0.04111111
2010-02-03,0.19305555
2010-02-04,0.92416666
2010-02-05,0.16861111
2010-02-07,0.39611111
2010-02-08,0.11166666
2010-02-09,0.63055555
2010-02-10,0.25305555
2010-02-11,0.35027777
2010-02-12,1.00138888
2010-02-13,1.12361111
2010-02-14,0.80027777
2010-02-15,4.70777777
2010-02-16,0.11833333
2010-02-18,0.02944444
2010-02-19,0.66444444
2010-02-20,0.38194444
2010-02-21,0.37277777
2010-02-22,0.16638888
2010-02-24,0.05555555
2010-02-25,0.60944444
2010-02-27,0.99166666
2010-02-28,0.54944444
2010-03-01,0.75194444
2010-03-02,0.55722222
2010-03-03,0.39611111
2010-03-05,0.14444444
2010-03-06,1.25777777
2010-03-07,0.88611111
2010-03-08,0.12305555
2010-03-09,0.11055555
2010-03-10,0.12055555
2010-03-11,0.11777777
2010-03-12,0.13638888
2010-03-13,0.16138888
2010-03-14,0.05861111
2010-03-15,0.26111111
2010-03-18,0.17166666
2010-03-19,0.56611111
2010-03-20,4.41
2010-03-21,0.62861111
2010-03-22,0.13833333
2010-03-24,0.56472222
2010-03-25,0.23
2010-03-26,0.1925
2010-03-27,0.815
2010-03-28,0.89694444
2010-03-29,0.11722222
2010-03-30,0.13
2010-03-31,0.29305555
2010-04-01,0.40722222
2010-04-02,0.27722222
2010-04-03,0.57361111
2010-04-05,0.71111111
2010-04-06,0.13277777
2010-04-07,0.06027777
2010-04-08,0.06138888
2010-04-09,0.07361111
2010-04-10,0.44583333
2010-04-11,0.77583333
2010-04-12,0.51861111
2010-04-13,0.28083333
2010-04-14,0.0575
2010-04-15,4.28055555
2010-04-16,0.64777777
2010-04-17,0.17805555
2010-04-18,0.12
2010-04-19,0.21888888
2010-04-20,0.39388888
2010-04-21,0.14083333
2010-04-22,0.70166666
2010-04-23,0.0575
2010-04-24,0.14277777
2010-04-26,0.05944444
2010-04-28,0.5025
2010-04-29,0.96138888
2010-04-30,0.18361111
2010-05-01,0.19777777
2010-05-02,0.3575
2010-05-03,0.20944444
2010-05-04,0.1175
2010-05-05,0.70555555
2010-05-06,0.48416666
2010-05-07,0.66944444
2010-05-10,1.07833333
2010-05-11,4.97222222
2010-05-12,0.03777777
2010-05-13,0.16166666
2010-05-15,0.33361111
2010-05-16,0.29055555
2010-05-17,0.24222222
2010-05-18,0.16777777
2010-05-19,0.16305555
2010-05-20,0.28777777
2010-05-21,8.11083333
2010-05-22,5.56027777
2010-05-23,0.01888888
2010-05-24,0.2675
2010-05-25,0.36777777
2010-05-26,0.18583333
2010-05-27,0.37416666
2010-05-28,0.26666666
2010-05-29,0.14138888
2010-05-30,0.18583333
2010-05-31,0.71361111
2010-06-01,0.625
2010-06-02,0.04166666
2010-06-03,0.05805555
2010-06-04,0.22444444
2010-06-05,0.18083333
2010-06-06,0.05861111
2010-06-07,0.14666666
2010-06-08,0.16722222
2010-06-09,0.02611111
2010-06-10,0.30305555
2010-06-11,0.55666666
2010-06-12,0.33916666
2010-06-13,4.56777777
2010-06-14,0.01972222
2010-06-16,0.08416666
2010-06-17,0.08388888
2010-06-18,0.23111111
2010-06-19,0.32138888
2010-06-20,0.25722222
2010-06-21,0.15388888
2010-06-29,0.0575
2010-07-01,0.16611111
2010-07-02,1.09166666
2010-07-03,0.92611111
2010-07-04,1.20972222
2010-07-05,0.89972222
2010-07-06,0.67916666
2010-07-07,0.27972222
2010-07-08,0.05805555
2010-07-09,0.24638888
2010-07-10,0.12277777
2010-07-11,0.15388888
2010-07-12,0.18027777
2010-07-13,0.11666666
2010-07-14,0.09388888
2010-07-15,0.12111111
2010-07-16,0.20222222
2010-07-17,0.13194444
2010-07-18,0.0825
2010-07-20,0.44194444
2010-07-21,0.25583333
2010-07-22,0.08194444
2010-07-23,4.73583333
2010-07-24,0.24361111
2010-07-25,0.12222222
2010-07-26,0.06555555
2010-07-27,0.02444444
2010-07-29,0.11527777
2010-07-30,0.21944444
2010-07-31,0.28361111
2010-08-01,0.27444444
2010-08-02,0.66833333
2010-08-03,0.05805555
2010-08-04,0.04111111
2010-08-05,0.14194444
2010-08-06,0.36166666
2010-08-07,0.26805555
2010-08-08,1.64027777
2010-08-09,1.48972222
2010-08-10,0.11444444
2010-08-11,0.05888888
2010-08-12,0.05916666
2010-08-13,0.11027777
2010-08-14,0.50833333
2010-08-15,0.32388888
2010-08-16,0.34277777
2010-08-17,0.2825
2010-08-18,0.21916666
2010-08-19,0.0575
2010-08-20,0.33833333
2010-08-21,0.28138888
2010-08-22,4.81722222
2010-08-23,0.19583333
2010-08-24,0.17222222
2010-08-27,0.78888888
2010-08-28,0.69027777
2010-08-29,0.11166666
2010-08-30,0.22555555
2010-08-31,0.1675
2010-09-01,0.58888888
2010-09-02,0.10361111
2010-09-03,0.09166666
2010-09-04,0.2375
2010-09-08,0.10222222
2010-09-09,0.22305555
2010-09-10,0.48138888
2010-09-11,0.17944444
2010-09-12,0.05055555
2010-09-13,0.16583333
2010-09-14,0.08527777
2010-09-15,0.15694444
2010-09-16,0.22944444
2010-09-17,0.35777777
2010-09-18,4.26666666
2010-09-19,0.35916666
2010-09-20,0.36138888
2010-09-21,0.21472222
2010-09-22,0.04166666
2010-09-23,0.04
2010-09-24,0.06333333
2010-09-25,0.51444444
2010-09-26,0.27944444
2010-09-27,0.16638888
2010-09-28,0.34972222
2010-09-29,9.24944444
2010-09-30,0.05805555
2010-10-01,0.50277777
2010-10-02,0.85222222
2010-10-03,0.14083333
2010-10-04,0.12027777
2010-10-05,0.415
2010-10-06,0.12638888
2010-10-07,0.9425
2010-10-08,0.71388888
2010-10-09,1.76611111
2010-10-10,0.69194444
2010-10-11,2.41361111
2010-10-12,8.22888888
2010-10-13,0.26972222
2010-10-14,0.14444444
2010-10-15,0.31027777
2010-10-16,1.14472222
2010-10-17,0.06472222
2010-10-18,0.13333333
2010-10-19,0.07166666
2010-10-20,0.18972222
2010-10-21,0.40416666
2010-10-22,0.19527777
2010-10-23,0.28972222
2010-10-24,0.04055555
2010-10-25,0.04055555
2010-10-26,0.09805555
2010-10-28,0.10083333
2010-10-29,0.65916666
2010-10-30,0.90666666
2010-10-31,0.50472222
2010-11-01,0.38333333
2010-11-02,0.23055555
2010-11-03,0.205
2010-11-05,0.31305555
2010-11-06,0.74277777
2010-11-07,0.77166666
2010-11-09,0.5
2010-11-10,1.42833333
2010-11-11,0.57388888
2010-11-12,0.875
2010-11-13,1.18194444
2010-11-14,0.16583333
2010-11-15,5.08888888
2010-11-16,0.11638888
2010-11-17,0.13083333
2010-11-18,0.16916666
2010-11-19,0.55777777
2010-11-20,0.54305555
2010-11-21,0.60916666
2010-11-22,0.44472222
2010-11-23,0.48583333
2010-11-24,0.74527777
2010-11-26,0.16583333
2010-11-27,0.22527777
2010-11-28,1.15833333
2010-11-29,1.41972222
2010-11-30,0.18333333
2010-12-01,0.04222222
2010-12-02,1.56444444
2010-12-03,1.38055555
2010-12-04,0.92861111
2010-12-05,0.55388888
2010-12-06,0.33388888
2010-12-07,0.33888888
2010-12-08,0.57083333
2010-12-09,0.73944444
2010-12-10,1.23861111
2010-12-11,0.77166666
2010-12-13,0.05583333
2010-12-14,0.05527777
2010-12-16,0.44361111
2010-12-17,0.11055555
2010-12-18,0.27694444
2010-12-19,0.76583333
2010-12-20,0.9275
2010-12-21,5.28888888
2010-12-22,0.23722222
2010-12-23,0.05833333
2010-12-24,0.84694444
2010-12-29,0.27888888
2010-12-30,0.50166666
2011-01-01,0.46
2011-01-02,0.3725
2011-01-03,1.01138888
2011-01-04,0.94444444
2011-01-05,0.84972222
2011-01-06,0.13527777
2011-01-07,0.51916666
2011-01-08,0.54416666
2011-01-10,0.91777777
2011-01-11,0.15277777
2011-01-12,0.04833333
2011-01-14,0.71527777
2011-01-15,0.05527777
2011-01-16,0.19444444
2011-01-17,0.38777777
2011-01-19,0.21833333
2011-01-20,1.44444444
2011-01-21,0.58861111
2011-01-22,0.92027777
2011-01-23,0.85527777
2011-01-24,0.33027777
2011-01-25,0.05916666
2011-01-26,0.16722222
2011-01-27,0.26694444
2011-01-28,0.57944444
2011-01-29,1.08166666
2011-01-30,1.02361111
2011-01-31,0.26694444
2011-02-01,0.26833333
2011-02-02,0.07833333
2011-02-03,0.10027777
2011-02-04,0.38805555
2011-02-05,0.67722222
2011-02-06,0.83694444
2011-02-07,0.50583333
2011-02-08,0.30555555
2011-02-09,0.94944444
2011-02-10,0.84694444
2011-02-11,0.40472222
2011-02-12,0.60055555
2011-02-13,0.41444444
2011-02-14,0.18888888
2011-02-15,0.56055555
2011-02-16,0.48166666
2011-02-17,0.43055555
2011-02-18,0.19722222
2011-02-20,0.47611111
2011-02-21,0.16083333
2011-02-22,0.04694444
2011-02-23,0.75638888
2011-02-24,0.16638888
2011-02-25,0.25472222
2011-02-26,1.10138888
2011-02-27,0.47111111
2011-02-28,0.15666666
2011-03-01,0.81833333
2011-03-02,1.01361111
2011-03-03,0.96472222
2011-03-04,0.53944444
2011-03-06,0.08166666
2011-03-07,1.24472222
2011-03-08,0.90583333
2011-03-09,0.17138888
2011-03-10,0.0575
2011-03-11,0.04583333
2011-03-12,0.09694444
2011-03-13,0.26638888
2011-03-14,0.385
2011-03-15,4.95083333
2011-03-16,0.22333333
2011-03-17,1.15305555
2011-03-18,0.55277777
2011-03-19,0.35083333
2011-03-20,0.515
2011-03-21,0.23138888
2011-03-22,0.27361111
2011-03-23,0.30444444
2011-03-24,0.55555555
2011-03-25,0.44416666
2011-03-26,0.38833333
2011-03-27,0.18222222
2011-03-28,0.98055555
2011-03-29,0.86388888
2011-03-30,0.16611111
2011-03-31,0.15277777
2011-04-01,0.16583333
2011-04-02,0.51111111
2011-04-03,1.00722222
2011-04-04,0.11472222
2011-04-05,0.23944444
2011-04-06,0.59361111
2011-04-07,0.50527777
2011-04-08,0.35638888
2011-04-09,0.58361111
2011-04-10,0.6125
2011-04-11,0.72833333
2011-04-12,0.06694444
2011-04-13,0.36916666
2011-04-14,1.07805555
2011-04-15,0.83305555
2011-04-16,0.38222222
2011-04-17,0.47194444
2011-04-18,0.77527777
2011-04-19,0.40888888
2011-04-20,4.85027777
2011-04-21,0.67861111
2011-04-22,0.25027777
2011-04-23,0.305
2011-04-24,0.36027777
2011-04-25,0.39361111
2011-04-26,0.27111111
2011-04-27,0.10666666
2011-04-28,0.30111111
2011-04-29,0.87083333
2011-04-30,1.07333333
2011-05-01,0.49805555
2011-05-02,0.05805555
2011-05-03,0.24388888
2011-05-04,0.24861111
2011-05-05,0.42583333
2011-05-06,0.29972222
2011-05-07,1.00027777
2011-05-08,1.05694444
2011-05-09,0.58333333
2011-05-10,0.29694444
2011-05-11,0.25194444
2011-05-12,2.89194444
2011-05-13,0.45027777
2011-05-14,1.37916666
2011-05-15,3.67166666
2011-05-16,4.8375
2011-05-17,0.21722222
2011-05-18,0.37361111
2011-05-19,0.16888888
2011-05-20,0.48
2011-05-21,1.44416666
2011-05-22,0.67444444
2011-05-23,0.36805555
2011-05-24,0.16416666
2011-05-25,0.18555555
2011-05-26,0.22138888
2011-05-27,0.26777777
2011-05-28,0.455
2011-05-29,0.50444444
2011-05-30,6.71027777
2011-05-31,7.22861111
2011-06-01,0.18638888
2011-06-02,0.80972222
2011-06-03,0.96944444
2011-06-04,2.92194444
2011-06-05,5.14027777
2011-06-06,4.94972222
2011-06-07,0.16777777
2011-06-08,0.05805555
2011-06-09,0.1475
2011-06-10,0.08277777
2011-06-11,0.30777777
2011-06-12,0.13611111
2011-06-13,0.47805555
2011-06-17,0.20388888
2011-06-18,0.32138888
2011-06-19,4.89916666
2011-06-23,0.05527777
2011-06-24,0.355
2011-06-25,0.45027777
2011-06-26,0.275
2011-06-27,0.05805555
2011-07-01,0.20805555
2011-07-02,0.04055555
2011-07-03,0.28833333
2011-07-04,0.24333333
2011-07-05,0.05805555
2011-07-06,0.05805555
2011-07-07,0.11666666
2011-07-08,0.08416666
2011-07-09,1.03222222
2011-07-10,0.2675
2011-07-11,0.34166666
2011-07-12,1.99833333
2011-07-13,0.59527777
2011-07-14,0.19611111
2011-07-15,4.87944444
2011-07-16,0.34722222
2011-07-17,0.12694444
2011-07-18,0.58777777
2011-07-19,0.11527777
2011-07-21,0.07333333
2011-07-22,0.33388888
2011-07-23,5.35472222
2011-07-24,2.74388888
2011-07-25,0.04916666
2011-07-26,0.02444444
2011-07-28,0.02611111
2011-07-29,0.22111111
2011-07-30,0.16555555
2011-07-31,5.91666666
2011-08-01,1.83833333
2011-08-02,0.25333333
2011-08-04,0.13527777
2011-08-05,0.31638888
2011-08-06,0.19944444
2011-08-07,0.64555555
2011-08-08,2.93722222
2011-08-10,0.04888888
2011-08-11,0.09055555
2011-08-12,0.42277777
2011-08-13,0.32805555
2011-08-14,4.82527777
2011-08-15,0.23527777
2011-08-16,0.35083333
2011-08-17,0.14583333
2011-08-18,0.12
2011-08-19,0.39916666
2011-08-20,0.98916666
2011-08-21,0.64027777
2011-08-22,0.07416666
2011-08-23,0.275
2011-08-24,0.16944444
2011-08-26,7.50944444
2011-08-27,7.55444444
2011-08-28,0.75388888
2011-09-01,0.09972222
2011-09-02,0.23333333
2011-09-03,0.45
2011-09-04,0.43361111
2011-09-05,0.30638888
2011-09-06,0.11777777
2011-09-07,0.31388888
2011-09-08,0.26527777
2011-09-09,0.32972222
2011-09-10,0.44722222
2011-09-11,0.42916666
2011-09-12,4.55611111
2011-09-13,0.19666666
2011-09-14,0.10777777
2011-09-15,0.21805555
2011-09-16,0.45583333
2011-09-17,0.04055555
2011-09-18,0.68527777
2011-09-19,0.32333333
2011-09-20,0.29416666
2011-09-21,0.11694444
2011-09-22,7.66083333
2011-09-23,0.23972222
2011-09-24,7.69444444
2011-09-25,0.30333333
2011-09-26,0.255
2011-09-27,1.54916666
2011-09-28,0.2025
2011-09-29,1.43833333
2011-09-30,0.1575
2011-10-01,1.46444444
2011-10-02,0.59805555
2011-10-03,1.5575
2011-10-04,0.14361111
2011-10-05,0.23527777
2011-10-06,1.38833333
2011-10-07,0.56805555
2011-10-08,0.48444444
2011-10-09,1.085
2011-10-10,1.28027777
2011-10-11,0.165
2011-10-13,0.92638888
2011-10-14,0.85388888
2011-10-15,1.77472222
2011-10-16,0.305
2011-10-17,1.27444444
2011-10-19,1.50555555
2011-10-20,1.78333333
2011-10-21,4.3925
2011-10-22,2.13472222
2011-10-23,3.50027777
2011-10-24,5.37694444
2011-10-25,1.59277777
2011-10-26,0.92
2011-10-28,0.05805555
2011-10-29,0.43611111
2011-10-30,1.81916666
2011-10-31,1.49583333
2011-11-01,3.01777777
2011-11-02,1.76222222
2011-11-03,0.75722222
2011-11-04,1.6925
2011-11-05,1.85583333
2011-11-06,0.35416666
2011-11-07,0.89083333
2011-11-08,3.68111111
2011-11-09,2.54138888
2011-11-10,3.04638888
2011-11-11,4.24083333
2011-11-12,6.72361111
2011-11-13,0.39861111
2011-11-14,1.61138888
2011-11-15,0.12194444
2011-11-16,1.30194444
2011-11-17,0.25
2011-11-18,2.7425
2011-11-19,0.86555555
2011-11-20,0.34027777
2011-11-21,1.4875
2011-11-22,0.15305555
2011-11-23,1.10555555
2011-11-25,0.99333333
2011-11-26,0.50777777
2011-11-27,0.15944444
2011-11-28,0.14583333
2011-11-29,0.17194444
2011-11-30,0.44861111
2011-12-01,0.33361111
2011-12-02,0.71527777
2011-12-03,0.42888888
2011-12-04,0.66722222
2011-12-05,0.67277777
2011-12-06,0.22916666
2011-12-07,0.22305555
2011-12-08,0.255
2011-12-09,0.76777777
2011-12-10,0.66527777
2011-12-11,0.55583333
2011-12-12,0.80666666
2011-12-13,0.04111111
2011-12-14,0.05888888
2011-12-15,0.5025
2011-12-16,0.09916666
2011-12-17,0.80638888
2011-12-18,0.6525
2011-12-19,1.13055555
2011-12-20,0.30277777
2011-12-21,0.32861111
2011-12-22,0.2475
2011-12-23,0.19638888
2011-12-24,0.41888888
2011-12-26,0.19305555
2011-12-27,0.21611111
2011-12-28,0.61833333
2011-12-29,0.78111111
2011-12-30,0.54111111
2011-12-31,0.16611111
2012-01-01,1.00888888
2012-01-02,0.10472222
2012-01-03,0.14694444
2012-01-04,0.10138888
2012-01-05,0.12722222
2012-01-06,0.34611111
2012-01-07,0.54611111
2012-01-08,0.75388888
2012-01-09,0.44333333
2012-01-10,0.27027777
2012-01-11,0.53444444
2012-01-12,0.13138888
2012-01-13,0.21
2012-01-14,0.71638888
2012-01-15,1.27194444
2012-01-16,0.43361111
2012-01-17,0.12055555
2012-01-18,0.16416666
2012-01-19,0.35722222
2012-01-20,0.58444444
2012-01-21,0.12166666
2012-01-22,0.27638888
2012-01-23,0.08444444
2012-01-24,1.23944444
2012-01-25,0.40861111
2012-01-26,0.09
2012-01-27,0.16277777
2012-01-28,0.35138888
2012-01-29,0.65
2012-01-30,0.79277777
2012-01-31,0.28277777
2012-02-02,0.69111111
2012-02-03,0.69361111
2012-02-04,0.32055555
2012-02-05,0.265
2012-02-06,0.68972222
2012-02-07,0.21694444
2012-02-08,0.13555555
2012-02-09,0.39333333
2012-02-10,0.41055555
2012-02-11,0.21916666
2012-02-12,0.175
2012-02-13,0.6325
2012-02-14,0.47277777
2012-02-15,0.04666666
2012-02-16,0.10833333
2012-02-17,0.33277777
2012-02-18,0.33777777
2012-02-19,0.34861111
2012-02-20,0.47527777
2012-02-21,0.76361111
2012-02-22,0.12333333
2012-02-23,0.16305555
2012-02-24,0.26
2012-02-25,0.08972222
2012-02-26,1.05944444
2012-02-27,1.51222222
2012-02-28,0.8075
2012-02-29,0.41583333
2012-03-01,0.04111111
2012-03-02,0.63638888
2012-03-03,0.23444444
2012-03-04,1.7975
2012-03-05,0.29472222
2012-03-07,1.32277777
2012-03-08,0.085
2012-03-09,1.94361111
2012-03-10,1.97805555
2012-03-11,0.12166666
2012-03-12,0.16638888
2012-03-13,0.97861111
2012-03-14,1.44083333
2012-03-15,1.91805555
2012-03-16,0.3825
2012-03-17,0.23666666
2012-03-18,0.24611111
2012-03-19,1.38416666
2012-03-20,0.63583333
2012-03-21,0.16583333
2012-03-22,0.26722222
2012-03-23,0.76222222
2012-03-24,0.36388888
2012-03-25,1.01944444
2012-03-26,0.44194444
2012-03-28,0.09027777
2012-03-29,2.86694444
2012-03-30,0.42944444
2012-03-31,0.30222222
2012-04-01,0.35638888
2012-04-02,0.33555555
2012-04-03,0.25777777
2012-04-04,0.23055555
2012-04-05,1.62638888
2012-04-06,0.66611111
2012-04-07,2.13527777
2012-04-08,0.32
2012-04-09,0.45416666
2012-04-10,1.755
2012-04-11,0.27138888
2012-04-12,0.62944444
2012-04-13,1.6175
2012-04-14,0.96472222
2012-04-15,0.20805555
2012-04-16,0.26222222
2012-04-17,0.19472222
2012-04-18,0.24555555
2012-04-19,0.04
2012-04-20,0.21
2012-04-21,0.28
2012-04-22,0.27527777
2012-04-23,0.30361111
2012-04-24,1.60361111
2012-04-25,0.39861111
2012-04-26,0.08777777
2012-04-27,0.53666666
2012-04-28,0.30638888
2012-04-29,0.09916666
2012-04-30,0.15055555
2012-05-01,0.04
2012-05-02,0.09805555
2012-05-03,0.27638888
2012-05-04,0.69111111
2012-05-05,0.21138888
2012-05-06,1.21416666
2012-05-07,0.04
2012-05-08,0.42888888
2012-05-09,0.56583333
2012-05-10,0.34555555
2012-05-11,1.40388888
2012-05-12,0.36361111
2012-05-13,0.10388888
2012-05-14,0.23555555
2012-05-15,0.1375
2012-05-16,0.15722222
2012-05-17,0.19027777
2012-05-18,0.33305555
2012-05-19,0.36722222
2012-05-20,0.535
2012-05-21,0.53694444
2012-05-22,0.3325
2012-05-23,0.04111111
2012-05-24,0.04166666
2012-05-25,0.20472222
2012-05-26,0.18638888
2012-05-27,0.50416666
2012-05-28,0.36638888
2012-05-29,0.42361111
2012-05-30,1.0375
2012-05-31,0.8675
2012-06-01,0.0575
2012-06-02,0.12416666
2012-06-03,0.37388888
2012-06-04,0.33555555
2012-06-05,0.30416666
2012-06-06,0.25722222
2012-06-07,0.15722222
2012-06-08,0.58416666
2012-06-09,1.93638888
2012-06-10,0.54666666
2012-06-15,0.63333333
2012-06-16,0.22055555
2012-06-17,0.325
2012-06-18,0.275
2012-06-21,0.025
2012-06-22,0.02611111
2012-06-23,0.53583333
2012-06-24,0.20333333
2012-06-25,0.2925
2012-06-29,0.41
2012-07-01,0.05777777
2012-07-02,0.80277777
2012-07-03,0.95472222
2012-07-04,1.4125
2012-07-06,0.05972222
2012-07-07,0.39
2012-07-08,0.6675
2012-07-09,0.29194444
2012-07-12,0.06
2012-07-13,0.18138888
2012-07-14,0.5075
2012-07-15,0.14833333
2012-07-16,0.73888888
2012-07-20,0.11305555
2012-07-21,0.38888888
2012-07-22,0.34083333
2012-07-23,0.35583333
2012-07-27,0.34388888
2012-07-28,0.7175
2012-07-29,0.43388888
2012-07-30,0.09722222
2012-07-31,0.06611111
2012-08-01,0.0525
2012-08-02,0.06444444
2012-08-03,0.16
2012-08-04,0.83222222
2012-08-05,2.33194444
2012-08-06,3.55916666
2012-08-07,0.1575
2012-08-09,0.03083333
2012-08-10,0.27277777
2012-08-11,0.23055555
2012-08-12,2.97555555
2012-08-13,0.11055555
2012-08-14,0.0525
2012-08-16,0.22416666
2012-08-17,0.05861111
2012-08-18,0.19833333
2012-08-19,0.16888888
2012-08-20,0.16805555
2012-08-21,0.03555555
2012-08-22,0.03583333
2012-08-23,0.49944444
2012-08-24,0.25888888
2012-08-25,0.23111111
2012-08-26,0.40083333
2012-08-27,0.23805555
2012-08-29,0.05194444
2012-08-30,0.07638888
2012-08-31,0.62194444
2012-09-01,0.35305555
2012-09-02,0.52861111
2012-09-03,0.17361111
2012-09-04,0.11666666
2012-09-05,0.45694444
2012-09-06,0.42833333
2012-09-07,0.27388888
2012-09-08,0.205
2012-09-09,2.42694444
2012-09-10,0.20805555
2012-09-11,0.8475
2012-09-12,0.45222222
2012-09-13,2.1475
2012-09-14,3.48194444
2012-09-15,2.61277777
2012-09-16,3.76972222
2012-09-17,0.24888888
2012-09-18,0.61388888
2012-09-19,1.19055555
2012-09-20,0.71027777
2012-09-21,0.51916666
2012-09-22,0.05861111
2012-09-23,0.46694444
2012-09-24,0.91861111
2012-09-25,0.48944444
2012-09-26,1.37361111
2012-09-27,0.85055555
2012-09-28,0.72583333
2012-09-29,14.8444444
2012-09-30,1.03694444
2012-10-01,0.91916666
2012-10-02,0.115
2012-10-03,0.30305555
2012-10-04,0.59472222
2012-10-05,1.64361111
2012-10-06,0.84361111
2012-10-07,14.3563888
2012-10-08,0.59972222
2012-10-09,0.85555555
2012-10-10,0.85194444
2012-10-11,1.12333333
2012-10-12,0.61416666
2012-10-13,0.56444444
2012-10-14,0.33
2012-10-15,0.33777777
2012-10-16,1.89555555
2012-10-17,3.95361111
2012-10-18,1.31861111
2012-10-19,2.41305555
2012-10-20,0.22444444
2012-10-21,0.61
2012-10-22,0.23666666
2012-10-23,0.27666666
2012-10-24,0.14638888
2012-10-25,0.70888888
2012-10-26,0.70083333
2012-10-27,0.33861111
2012-10-28,0.255
2012-10-29,0.29388888
2012-11-01,0.40333333
2012-11-02,0.43027777
2012-11-03,0.14166666
2012-11-04,1.05694444
2012-11-05,2.22277777
2012-11-06,0.86805555
2012-11-07,0.76694444
2012-11-08,0.38722222
2012-11-09,0.97361111
2012-11-10,0.68194444
2012-11-11,0.54333333
2012-11-12,0.78944444
2012-11-13,1.39
2012-11-14,0.70138888
2012-11-15,0.80194444
2012-11-16,1.42361111
2012-11-17,1.68722222
2012-11-18,0.55611111
2012-11-19,0.3475
2012-11-20,0.99361111
2012-11-21,0.17138888
2012-11-23,0.18694444
2012-11-24,0.87527777
2012-11-25,0.60138888
2012-11-26,1.84361111
2012-11-27,1.37333333
2012-11-28,0.83055555
2012-11-29,1.60694444
2012-11-30,0.61305555
2012-12-01,0.69416666
2012-12-02,0.8075
2012-12-03,0.29027777
2012-12-04,1.38527777
2012-12-05,0.49083333
2012-12-06,0.60277777
2012-12-07,0.25277777
2012-12-08,0.10944444
2012-12-09,0.23194444
2012-12-10,0.52027777
2012-12-11,1.01722222
2012-12-12,0.60944444
2012-12-13,1.0625
2012-12-14,0.05
2012-12-15,1.35361111
2012-12-16,0.25666666
2012-12-17,0.53916666
2012-12-18,0.68194444
2012-12-19,0.63972222
2012-12-20,0.4475
2012-12-22,0.89666666
2012-12-23,0.55277777
2012-12-24,0.34972222
2012-12-26,0.17388888
2012-12-27,0.17527777
2012-12-28,0.40666666
2012-12-29,0.11694444
2012-12-30,0.27861111
2012-12-31,0.86583333
2013-01-02,0.55638888
2013-01-03,0.68388888
2013-01-04,0.59666666
2013-01-05,0.11055555
2013-01-07,0.56222222
2013-01-08,1.03166666
2013-01-09,0.50388888
2013-01-10,0.22583333
2013-01-11,0.14583333
2013-01-12,0.17611111
2013-01-13,0.22611111
2013-01-14,0.16583333
2013-01-16,0.49027777
2013-01-17,0.20305555
2013-01-18,0.82972222
2013-01-19,1.37111111
2013-01-20,0.71222222
2013-01-21,1.46
2013-01-22,1.41222222
2013-01-23,0.67333333
2013-01-24,0.95638888
2013-01-25,0.80222222
2013-01-26,1.03277777
2013-01-27,0.64333333
2013-01-28,0.04833333
2013-01-29,0.06083333
2013-01-30,0.14083333
2013-01-31,0.41833333
2013-02-01,0.4675
2013-02-02,0.71444444
2013-02-03,0.51833333
2013-02-04,0.54416666
2013-02-05,0.17861111
2013-02-06,0.51277777
2013-02-07,1.08888888
2013-02-08,0.08388888
2013-02-09,0.22722222
2013-02-10,1.22222222
2013-02-11,0.51444444
2013-02-12,0.56055555
2013-02-13,1.075
2013-02-14,0.26722222
2013-02-15,0.65805555
2013-02-16,1.21833333
2013-02-17,1.21222222
2013-02-18,0.75111111
2013-02-19,0.43361111
2013-02-20,0.39111111
2013-02-21,0.57611111
2013-02-22,0.75638888
2013-02-23,0.25555555
2013-02-24,1.41638888
2013-02-25,1.48305555
2013-02-26,0.1675
2013-02-27,0.06388888
2013-02-28,0.35027777
2013-03-01,0.25305555
2013-03-02,0.76305555
2013-03-03,0.4375
2013-03-04,1.42055555
2013-03-05,0.37111111
2013-03-08,0.14694444
2013-03-09,2.19805555
2013-03-10,1.44277777
2013-03-11,0.42888888
2013-03-12,0.30444444
2013-03-13,0.67055555
2013-03-14,0.71416666
2013-03-15,0.9575
2013-03-16,0.28416666
2013-03-17,0.23222222
2013-03-18,0.4875
2013-03-19,0.22277777
2013-03-20,0.6025
2013-03-21,0.77888888
2013-03-22,0.69972222
2013-03-23,1.63888888
2013-03-24,1.15
2013-03-25,0.10027777
2013-03-26,0.41777777
2013-03-27,0.50138888
2013-03-28,0.32194444
2013-03-29,0.72055555
2013-03-30,1.76722222
2013-03-31,1.07472222
2013-04-01,0.22444444
2013-04-02,0.04111111
2013-04-03,0.58888888
2013-04-04,0.50944444
2013-04-05,0.36527777
2013-04-06,0.53555555
2013-04-07,0.04055555
2013-04-08,0.18583333
2013-04-09,0.12444444
2013-04-10,0.24555555
2013-04-11,0.62277777
2013-04-12,0.55666666
2013-04-13,0.54972222
2013-04-14,1.02083333
2013-04-15,1.35888888
2013-04-16,0.28805555
2013-04-17,0.11972222
2013-04-18,0.09722222
2013-04-19,0.0575
2013-04-20,0.46388888
2013-04-21,2.05666666
2013-04-22,1.98194444
2013-04-23,0.9675
2013-04-24,0.27916666
2013-04-25,0.22361111
2013-04-26,2.58416666
2013-04-27,0.91722222
2013-04-28,0.27722222
2013-04-29,0.46972222
2013-04-30,0.06194444
2013-05-01,0.30527777
2013-05-02,0.7825
2013-05-03,1.17722222
2013-05-04,0.81694444
2013-05-05,1.05888888
2013-05-06,0.27805555
2013-05-07,0.06333333
2013-05-08,0.23416666
2013-05-09,0.15833333
2013-05-10,0.13361111
2013-05-11,0.32388888
2013-05-12,0.16194444
2013-05-13,0.83722222
2013-05-14,0.47944444
2013-05-15,0.21083333
2013-05-16,0.04166666
2013-05-17,0.66861111
2013-05-18,0.60361111
2013-05-19,0.09166666
2013-05-20,0.1
2013-05-21,0.59083333
2013-05-22,0.1625
2013-05-23,0.24833333
2013-05-24,0.28861111
2013-05-25,1.35888888
2013-05-26,1.03888888
2013-05-27,0.62194444
2013-05-28,0.04
2013-05-29,0.04
2013-05-31,0.58805555
2013-06-01,0.15972222
2013-06-02,0.10333333
2013-06-03,0.04
2013-06-07,0.1875
2013-06-08,0.10527777
2013-06-09,0.19722222
2013-06-10,0.09861111
2013-06-14,0.14722222
2013-06-15,0.05861111
2013-06-16,0.06
2013-06-20,0.04166666
2013-06-21,0.21111111
2013-06-22,0.08416666
2013-06-23,0.10055555
2013-06-24,0.14472222
2013-06-28,0.20583333
2013-06-29,0.07194444
2013-06-30,0.33194444
2013-07-01,0.05805555
2013-07-04,0.06083333
2013-07-05,0.14027777
2013-07-06,0.1625
2013-07-07,0.12222222
2013-07-12,0.04055555
2013-07-13,0.30277777
2013-07-14,0.08
2013-07-15,0.04027777
2013-07-18,0.04222222
2013-07-19,0.09888888
2013-07-20,0.28166666
2013-07-21,0.74083333
2013-07-22,0.05861111
2013-07-27,0.05888888
2013-07-28,0.11055555
2013-08-02,0.21638888
2013-08-03,0.31416666
2013-08-04,0.19111111
2013-08-05,3.0925
2013-08-09,0.29388888
2013-08-10,0.38194444
2013-08-11,0.42333333
2013-08-12,0.11361111
2013-08-16,0.12388888
2013-08-17,0.29472222
2013-08-18,5.29666666
2013-08-19,0.20611111
2013-08-20,0.15611111
2013-08-22,0.00333333
2013-08-23,0.84361111
2013-08-24,0.30722222
2013-08-25,0.21888888
2013-08-26,0.32472222
2013-08-27,0.11638888
2013-08-28,0.01
2013-08-29,0.17944444
2013-08-30,0.2575
2013-08-31,1.40194444
2013-09-01,0.10444444
2013-09-02,0.26888888
2013-09-03,0.18416666
2013-09-04,1.19333333
2013-09-05,0.79388888
2013-09-06,0.26916666
2013-09-07,0.47277777
2013-09-08,0.61111111
2013-09-09,0.43583333
2013-09-10,0.56111111
2013-09-11,0.82972222
2013-09-12,0.25027777
2013-09-13,0.53944444
2013-09-14,0.26777777
2013-09-15,0.12777777
2013-09-16,0.38361111
2013-09-17,0.25805555
2013-09-18,1.72666666
2013-09-19,0.92055555
2013-09-20,0.65583333
2013-09-21,0.45
2013-09-22,0.89444444
2013-09-23,0.90166666
2013-09-24,0.35027777
2013-09-25,0.04
2013-09-27,0.31361111
2013-09-28,0.09972222
2013-09-29,0.24055555
2013-09-30,0.12944444
2013-10-01,0.31361111
2013-10-02,0.23944444
2013-10-03,0.34555555
2013-10-04,0.10111111
2013-10-18,0.06611111
2013-10-20,0.09916666
2013-10-21,0.58472222
2013-10-22,0.26555555
2013-10-23,0.16694444
2013-10-24,0.17472222
2013-10-25,0.16277777
2013-10-27,0.75583333
2013-10-28,0.12972222
2013-10-29,0.40277777
2013-10-30,0.19333333
2013-10-31,0.28194444
2013-11-01,0.55416666
2013-11-02,0.25666666
2013-11-03,0.10611111
2013-11-04,0.43944444
2013-11-05,0.12527777
2013-11-06,0.71527777
2013-11-07,0.3475
2013-11-08,0.77444444
2013-11-09,0.25361111
2013-11-10,0.16861111
2013-11-11,4.43
2013-11-12,0.15666666
2013-11-13,0.22777777
2013-11-14,0.56
2013-11-15,0.28277777
2013-11-16,0.33611111
2013-11-17,0.24972222
2013-11-18,0.12888888
2013-11-19,0.11277777
2013-11-20,0.19416666
2013-11-21,0.12972222
2013-11-22,0.33777777
2013-11-23,1.34305555
2013-11-24,4.82222222
2013-11-25,1.86694444
2013-11-26,0.13611111
2013-11-27,0.4375
2013-11-29,0.74111111
2013-11-30,0.41694444
2013-12-01,1.88027777
2013-12-02,0.92805555
2013-12-03,0.56805555
2013-12-04,0.25666666
2013-12-05,0.17416666
2013-12-06,0.35944444
2013-12-07,0.23083333
2013-12-08,1.29805555
2013-12-09,0.30194444
2013-12-10,1.22277777
2013-12-11,0.14805555
2013-12-12,0.8475
2013-12-13,0.54888888
2013-12-14,0.13416666
2013-12-15,0.17611111
2013-12-16,0.31055555
2013-12-17,0.08361111
2013-12-18,0.45638888
2013-12-19,0.59555555
2013-12-20,1.16527777
2013-12-21,0.35916666
2013-12-22,0.21416666
2013-12-23,1.03916666
2013-12-24,1.19388888
2013-12-26,0.31694444
2013-12-27,0.77333333
2013-12-28,0.98333333
2013-12-29,0.60277777
2013-12-30,1.73222222
2013-12-31,0.7275
2014-01-01,0.71305555
2014-01-02,0.78555555
2014-01-03,0.93444444
2014-01-04,1.39305555
2014-01-05,1.64916666
2014-01-06,0.80166666
